race_id,umaban,horse_id,horse_name,waku,stable_comment,stable_comment_reporter,stable_comment_rating_code,training_review,training_date,training_course,training_track_condition,training_rider,training_times,training_partner_comment,training_position,training_load,training_critic,training_rank,past1_date,past1_venue,past1_finish,past1_race_name,past1_race_class,past1_surface_distance,past1_time,past1_track_condition,past1_field_size,past1_umaban_in_race,past1_ninki,past1_jockey,past1_weight_carried,past1_corner_positions,past1_agari_3f,past1_horse_weight,past1_horse_weight_diff,past1_beaten_by,past1_birthday,past2_date,past2_venue,past2_finish,past2_race_name,past2_race_class,past2_surface_distance,past2_time,past2_track_condition,past2_field_size,past2_umaban_in_race,past2_ninki,past2_jockey,past2_weight_carried,past2_corner_positions,past2_agari_3f,past2_horse_weight,past2_horse_weight_diff,past2_beaten_by,past2_birthday,past3_date,past3_venue,past3_finish,past3_race_name,past3_race_class,past3_surface_distance,past3_time,past3_track_condition,past3_field_size,past3_umaban_in_race,past3_ninki,past3_jockey,past3_weight_carried,past3_corner_positions,past3_agari_3f,past3_horse_weight,past3_horse_weight_diff,past3_beaten_by,past3_birthday,past4_date,past4_venue,past4_finish,past4_race_name,past4_race_class,past4_surface_distance,past4_time,past4_track_condition,past4_field_size,past4_umaban_in_race,past4_ninki,past4_jockey,past4_weight_carried,past4_corner_positions,past4_agari_3f,past4_horse_weight,past4_horse_weight_diff,past4_beaten_by,past4_birthday,past5_date,past5_venue,past5_finish,past5_race_name,past5_race_class,past5_surface_distance,past5_time,past5_track_condition,past5_field_size,past5_umaban_in_race,past5_ninki,past5_jockey,past5_weight_carried,past5_corner_positions,past5_agari_3f,past5_horse_weight,past5_horse_weight_diff,past5_beaten_by,past5_birthday,speed_horse_id,speed_horse_name,speed_sex_age,speed_jockey,speed_max_index,speed_avg_index_5races,speed_max_distance_index,speed_max_course_index,speed_index_3races_ago,speed_index_2races_ago,speed_index_1race_ago,speed_odds,speed_ninki,speed_weight_carried,holdtime_just_race_id,holdtime_just_race_name,holdtime_just_race_date,holdtime_just_jyo,holdtime_just_baba,holdtime_just_babasa,holdtime_just_kinryo,holdtime_just_time,holdtime_just_l3f,holdtime_just_jyuni,holdtime_just_kyakusitu,holdtime_just_wakuban,holdtime_just_pace,holdtime_just_sex,holdtime_just_age,holdtime_short_race_id,holdtime_short_race_name,holdtime_short_race_date,holdtime_short_jyo,holdtime_short_baba,holdtime_short_babasa,holdtime_short_kinryo,holdtime_short_time,holdtime_short_l3f,holdtime_short_jyuni,holdtime_short_kyakusitu,holdtime_short_wakuban,holdtime_short_pace,holdtime_short_sex,holdtime_short_age,holdtime_middle_race_id,holdtime_middle_race_name,holdtime_middle_race_date,holdtime_middle_jyo,holdtime_middle_baba,holdtime_middle_babasa,holdtime_middle_kinryo,holdtime_middle_time,holdtime_middle_l3f,holdtime_middle_jyuni,holdtime_middle_kyakusitu,holdtime_middle_wakuban,holdtime_middle_pace,holdtime_middle_sex,holdtime_middle_age,holdtime_long_race_id,holdtime_long_race_name,holdtime_long_race_date,holdtime_long_jyo,holdtime_long_baba,holdtime_long_babasa,holdtime_long_kinryo,holdtime_long_time,holdtime_long_l3f,holdtime_long_jyuni,holdtime_long_kyakusitu,holdtime_long_wakuban,holdtime_long_pace,holdtime_long_sex,holdtime_long_age,bias_horse_id,bias_horse_name,bias_sire,bias_sire_bloodline,bias_dam_sire,bias_dam_sire_bloodline,bias_sex_age,bias_weight_carried,bias_horse_weight,bias_jockey,bias_trainer,bias_win_odds,bias_ninki,ca_waku_category_label,ca_waku_win_1st,ca_waku_win_2nd,ca_waku_win_3rd,ca_waku_win_out,ca_waku_runs,ca_waku_win_rate,ca_waku_place2_rate,ca_waku_place3_rate,ca_waku_win_return_rate,ca_waku_place_return_rate,ca_waku_horse_id,ca_waku_horse_name,ca_running_style_category_label,ca_running_style_win_1st,ca_running_style_win_2nd,ca_running_style_win_3rd,ca_running_style_win_out,ca_running_style_runs,ca_running_style_win_rate,ca_running_style_place2_rate,ca_running_style_place3_rate,ca_running_style_win_return_rate,ca_running_style_place_return_rate,ca_running_style_horse_id,ca_running_style_horse_name,ca_jockey_category_label,ca_jockey_win_1st,ca_jockey_win_2nd,ca_jockey_win_3rd,ca_jockey_win_out,ca_jockey_runs,ca_jockey_win_rate,ca_jockey_place2_rate,ca_jockey_place3_rate,ca_jockey_win_return_rate,ca_jockey_place_return_rate,ca_jockey_horse_id,ca_jockey_horse_name,ca_trainer_category_label,ca_trainer_win_1st,ca_trainer_win_2nd,ca_trainer_win_3rd,ca_trainer_win_out,ca_trainer_runs,ca_trainer_win_rate,ca_trainer_place2_rate,ca_trainer_place3_rate,ca_trainer_win_return_rate,ca_trainer_place_return_rate,ca_trainer_horse_id,ca_trainer_horse_name,ca_sire_category_label,ca_sire_win_1st,ca_sire_win_2nd,ca_sire_win_3rd,ca_sire_win_out,ca_sire_runs,ca_sire_win_rate,ca_sire_place2_rate,ca_sire_place3_rate,ca_sire_win_return_rate,ca_sire_place_return_rate,ca_sire_horse_id,ca_sire_horse_name,ca_broodmare_sire_category_label,ca_broodmare_sire_win_1st,ca_broodmare_sire_win_2nd,ca_broodmare_sire_win_3rd,ca_broodmare_sire_win_out,ca_broodmare_sire_runs,ca_broodmare_sire_win_rate,ca_broodmare_sire_place2_rate,ca_broodmare_sire_place3_rate,ca_broodmare_sire_win_return_rate,ca_broodmare_sire_place_return_rate,ca_broodmare_sire_horse_id,ca_broodmare_sire_horse_name,concerned_category_label,concerned_horse_id,concerned_horse_name,concerned_win_1st,concerned_win_2nd,concerned_win_3rd,concerned_win_out,concerned_runs,concerned_win_rate,concerned_place2_rate,concerned_place3_rate,concerned_win_return_rate,concerned_place_return_rate,surf_ketto_training_category_label,surf_ketto_training_horse_id,surf_ketto_training_horse_name,surf_ketto_training_win_1st,surf_ketto_training_win_2nd,surf_ketto_training_win_3rd,surf_ketto_training_win_out,surf_ketto_training_runs,surf_ketto_training_win_rate,surf_ketto_training_place2_rate,surf_ketto_training_place3_rate,surf_ketto_training_win_return_rate,surf_ketto_training_place_return_rate,surf_ketto_comment_category_label,surf_ketto_comment_horse_id,surf_ketto_comment_horse_name,surf_ketto_comment_win_1st,surf_ketto_comment_win_2nd,surf_ketto_comment_win_3rd,surf_ketto_comment_win_out,surf_ketto_comment_runs,surf_ketto_comment_win_rate,surf_ketto_comment_place2_rate,surf_ketto_comment_place3_rate,surf_ketto_comment_win_return_rate,surf_ketto_comment_place_return_rate,surf_odds_jockey_category_label,surf_odds_jockey_horse_id,surf_odds_jockey_horse_name,surf_odds_jockey_win_1st,surf_odds_jockey_win_2nd,surf_odds_jockey_win_3rd,surf_odds_jockey_win_out,surf_odds_jockey_runs,surf_odds_jockey_win_rate,surf_odds_jockey_place2_rate,surf_odds_jockey_place3_rate,surf_odds_jockey_win_return_rate,surf_odds_jockey_place_return_rate,surf_jockey_trainer_category_label,surf_jockey_trainer_horse_id,surf_jockey_trainer_horse_name,surf_jockey_trainer_win_1st,surf_jockey_trainer_win_2nd,surf_jockey_trainer_win_3rd,surf_jockey_trainer_win_out,surf_jockey_trainer_runs,surf_jockey_trainer_win_rate,surf_jockey_trainer_place2_rate,surf_jockey_trainer_place3_rate,surf_jockey_trainer_win_return_rate,surf_jockey_trainer_place_return_rate,surf_jockey_owner_category_label,surf_jockey_owner_horse_id,surf_jockey_owner_horse_name,surf_jockey_owner_win_1st,surf_jockey_owner_win_2nd,surf_jockey_owner_win_3rd,surf_jockey_owner_win_out,surf_jockey_owner_runs,surf_jockey_owner_win_rate,surf_jockey_owner_place2_rate,surf_jockey_owner_place3_rate,surf_jockey_owner_win_return_rate,surf_jockey_owner_place_return_rate,surf_jockey_prevjockey_category_label,surf_jockey_prevjockey_horse_id,surf_jockey_prevjockey_horse_name,surf_jockey_prevjockey_win_1st,surf_jockey_prevjockey_win_2nd,surf_jockey_prevjockey_win_3rd,surf_jockey_prevjockey_win_out,surf_jockey_prevjockey_runs,surf_jockey_prevjockey_win_rate,surf_jockey_prevjockey_place2_rate,surf_jockey_prevjockey_place3_rate,surf_jockey_prevjockey_win_return_rate,surf_jockey_prevjockey_place_return_rate,mark_raw_浅野,mark_raw_CP予想,mark_raw_マリア,mark_raw_馬場予想,mark_honshi,mark_cp,mark_other,corner4_rank,corner4_gap_pct,corner4_gap_lengths,corner4_speedup,corner3_rank,corner3_gap_pct,corner3_gap_lengths
202644072208,1,2023103833,タイセツレーヴ,,,,,,,,,,,,,,,,2026.07.03,大井,2,3歳一　(3歳二),,ダ1600,1:41.2,不,12,2,2,西啓太,56.0,6-5-4-4,38.6,525,+9,ノットボーダー(0.0),,2026.03.12,大井,1,3歳四　(3歳五),,ダ1600,1:43.1,良,9,1,1,西啓太,56.0,1-1-1-1,39.5,516,-7,エヌケイサイボウ(-0.9),,2026.02.17,大井,1,3歳九　十,,ダ1400,1:30.0,稍,13,9,1,石川倭,56.0,5-3-3,38.6,523,+10,ホクトヴェルテクス(-1.4),,2025.09.02,大井,3,2歳　新馬,,ダ1800,1:57.7,良,7,6,1,矢野貴之,54.0,4-3-3-3,40.1,513,0,ヘスペリス(0.6),,,,,,,,,,,,,,,,,,,,,2023103833,タイセツレーヴ,,西啓太,,,,,,,,,,,202644070303,３歳一　二三,20260703,大井,不,-9,56,1:41.2,38.6,2,差,2,H,牡,3,,,,,,,,,,,,,,,,202644070303,３歳一　二三,20260703,大井,不,-9,56,1:41.2,38.6,2,差,2,H,牡,3,,,,,,,,,,,,,,,,2023103833,タイセツレーヴ,ルヴァンスレーヴ,ターントゥ系,スマートファルコン,サンデーサイレンス系,牡3,55.0,519(-6),西啓太,真島大輔,1.6,1,1枠,76,102,99,663,940,8%,18%,29%,52%,77%,2023103833,タイセツレーヴ,差,539,578,614,5043,6774,7%,16%,25%,73%,74%,2023103833,タイセツレーヴ,西啓太,57,52,28,282,419,13%,26%,32%,89%,71%,2023103833,タイセツレーヴ,真島大輔,27,26,20,61,134,20%,39%,54%,89%,80%,2023103833,タイセツレーヴ,ルヴァンスレーヴ,1,5,6,24,36,2%,16%,33%,3%,98%,2023103833,タイセツレーヴ,,0,0,0,0,0,0%,0%,0%,0%,0%,2023103833,タイセツレーヴ,,2023103833,タイセツレーヴ,0,0,0,0,0,0%,0%,0%,0%,0%,,,,,,,,,,,,,,,,,,,,,,,,,,,,,,,,,,,,,,,,,,,,,,,,,,,,,,,,,,,,,,,,,,,,,,,,,,,,,,,◎,△,▲,,,△,○,3,20.2,2.01,3,4,16.15,1.61
202644072208,2,2023106064,ムサシタルマエ,,,,,,,,,,,,,,,,2026.07.03,大井,6,3歳一　(3歳二),,ダ1400,1:29.2,不,8,5,2,達城龍次,57.0,6-6-6,38.6,462,-1,シャンスラード(1.9),,2026.06.12,大井,1,3歳一　(3歳二),,ダ1400,1:27.0,稍,11,11,6,達城龍次,56.0,2-3-1,38.1,463,+15,グランマローネ(0.0),,2026.05.01,大井,除,3歳一　(3歳二),,ダ1600 不,,,9,8,,中山遥人,55.0,(0.0),447(-1,,,エスピエグル(0.0),,2026.04.17,大井,8,マーガレ(3歳二),,ダ1200,1:15.3,重,13,5,6,中山遥人,55.0,12-12,37.5,448,-1,エイシンミラーミ(2.5),,2026.03.27,大井,7,3歳一　(3歳二),,ダ1600,1:42.5,不,9,2,7,中山遥人,55.0,6-6-9-9,39.4,449,+2,ベイビーザロック(1.9),,2023106064,ムサシタルマエ,,本田正重,,,,,,,,,,,202644032701,３歳一　二三,20260327,大井,不,-6,55,1:42.5,39.4,7,追,2,H,牡,3,,,,,,,,,,,,,,,,202644032701,３歳一　二三,20260327,大井,不,-6,55,1:42.5,39.4,7,追,2,H,牡,3,,,,,,,,,,,,,,,,2023106064,ムサシタルマエ,ホッコータルマエ,ネイティヴダンサー系,パイロ,ナスルーラ系,牡3,55.0,460(-2),本田正重,栗田泰昌,23.8,5,2枠,94,88,107,666,955,9%,19%,30%,81%,80%,2023106064,ムサシタルマエ,追,58,87,110,1650,1905,3%,7%,13%,50%,54%,2023106064,ムサシタルマエ,本田正重,42,32,34,194,302,13%,24%,35%,229%,105%,2023106064,ムサシタルマエ,栗田泰昌,10,3,14,82,109,9%,11%,24%,225%,97%,2023106064,ムサシタルマエ,ホッコータルマエ,27,42,30,258,357,7%,19%,27%,44%,66%,2023106064,ムサシタルマエ,,0,0,0,0,0,0%,0%,0%,0%,0%,2023106064,ムサシタルマエ,,2023106064,ムサシタルマエ,0,0,0,0,0,0%,0%,0%,0%,0%,,,,,,,,,,,,,,,,,,,,,,,,,,,,,,,,,,,,,,,,,,,,,,,,,,,,,,,,,,,,,,,,,,,,,,,,,,,,,,,,▲,,△,,▲,,9,69.23,6.88,2,8,69.39,6.9
202644072208,3,2023106202,グランマローネ,,,,,,,,,,,,,,,,2026.06.12,大井,2,3歳一　(3歳二),,ダ1400,1:27.0,稍,11,5,2,藤本現暉,56.0,2-1-1,38.1,493,+6,ムサシタルマエ(0.0),,2026.04.30,大井,1,3歳六　(3歳七),,ダ1400,1:28.6,稍,10,1,2,藤本現暉,56.0,4-4-2,38.4,487,-9,マジックエレガンス(-0.2),,2025.12.30,大井,中,2歳一　二,,ダ1600 稍,,,8,4,4,藤本現暉,55.0,8-8,0.0,496,+3,ルビーシールズ(0.0),,2025.12.01,大井,1,2歳七　八,,ダ1400,1:30.0,良,14,8,3,藤本現暉,55.0,3-3-2,38.8,493,0,ルカドリーマー(-1.6),,2025.11.11,大井,5,2歳　新馬,,ダ1600,1:47.2,稍,8,5,8,藤本現暉,55.0,7-7-3-3,42.7,493,0,エドノマテンロウ(2.3),,2023106202,グランマローネ,,藤本現暉,,,,,,,,,,,202544111103,２歳　新馬,20251111,大井,稍,-6,55,1:47.2,42.7,5,差,5,H,牡,2,,,,,,,,,,,,,,,,202544111103,２歳　新馬,20251111,大井,稍,-6,55,1:47.2,42.7,5,差,5,H,牡,2,,,,,,,,,,,,,,,,2023106202,グランマローネ,シュヴァルグラン,サンデーサイレンス系,ノボジャック,ノーザンダンサー系,牡3,55.0,493(0),藤本現暉,蛯名雄太,6.8,4,3枠,109,89,92,878,1168,9%,16%,24%,84%,69%,2023106202,グランマローネ,差,539,578,614,5043,6774,7%,16%,25%,73%,74%,2023106202,グランマローネ,藤本現暉,38,32,45,317,432,8%,16%,26%,97%,65%,2023106202,グランマローネ,蛯名雄太,9,7,12,192,220,4%,7%,12%,54%,40%,2023106202,グランマローネ,シュヴァルグラン,5,3,5,61,74,6%,10%,17%,107%,47%,2023106202,グランマローネ,,0,0,0,0,0,0%,0%,0%,0%,0%,2023106202,グランマローネ,,2023106202,グランマローネ,0,0,0,0,0,0%,0%,0%,0%,0%,,,,,,,,,,,,,,,,,,,,,,,,,,,,,,,,,,,,,,,,,,,,,,,,,,,,,,,,,,,,,,,,,,,,,,,,,,,,,,,△,○,△,,,○,,4,21.06,2.09,1,3,13.55,1.35
202644072208,4,2020100549,リケアミネオラ,,,,,,,,,,,,,,,,2026.07.02,大井,3,海王星特(C1),,ダ1650,1:46.1,不,14,8,8,千田洋,56.0,6-6-5-3,40.8,422,-4,トクシーティグレ(0.5),,2026.06.08,大井,8,へび座特(C1),,ダ1800,1:58.1,不,9,3,8,千田洋,56.0,3-3-4-4,40.1,426,-1,ミクニサンシャイン(2.5),,2026.05.21,大井,11,C1二　(C1三),,ダ1600,1:45.2,稍,14,9,8,千田洋,56.0,8-9-10-10,40.2,427,-1,ミスタージョン(1.2),,2026.04.30,大井,5,トーラス(C1),,ダ1650,1:46.6,稍,14,6,11,谷内貫太,55.0,10-10-8-6,39.7,428,-4,トーランテソーロ(0.7),,2026.04.15,大井,10,C1六　七,,ダ1600,1:45.9,良,12,7,7,千田洋,56.0,8-7-8-9,39.7,432,-1,ユニヴェール(2.7),,2020100549,リケアミネオラ,,千田洋,,,,,,,,,,,202344081407,Ｃ１十　１１,20230814,大井,不,-15,55,1:42.0,39.5,1,逃,4,H,牡,3,,,,,,,,,,,,,,,,202344081407,Ｃ１十　１１,20230814,大井,不,-15,55,1:42.0,39.5,1,逃,4,H,牡,3,202444110410,ほうおう座特別競走,20241104,大井,稍,6,56,1:52.4,42.3,12,差,6,H,牡,4,2020100549,リケアミネオラ,ダノンレジェンド,その他,キングカメハメハ,ネイティヴダンサー系,牡6,56.0,425(+3),千田洋,吉井竜一,92.3,8,4枠,129,101,103,1007,1340,9%,17%,24%,76%,68%,2020100549,リケアミネオラ,差,539,578,614,5043,6774,7%,16%,25%,73%,74%,2020100549,リケアミネオラ,千田洋,8,14,10,214,246,3%,8%,13%,33%,40%,2020100549,リケアミネオラ,吉井竜一,5,10,19,165,199,2%,7%,17%,28%,61%,2020100549,リケアミネオラ,ダノンレジェンド,21,11,8,70,110,19%,29%,36%,67%,65%,2020100549,リケアミネオラ,,0,0,0,0,0,0%,0%,0%,0%,0%,2020100549,リケアミネオラ,,2020100549,リケアミネオラ,0,0,0,0,0,0%,0%,0%,0%,0%,,,,,,,,,,,,,,,,,,,,,,,,,,,,,,,,,,,,,,,,,,,,,,,,,,,,,,,,,,,,,,,,,,,,,,,,,,,,,,,☆,,,,,,,5,48.96,4.87,2,5,52.6,5.23
202644072208,5,2019104887,グレイテストワーク,,,,,,,,,,,,,,,,2026.07.01,大井,6,カイピリ(C1四),,ダ1400,1:28.4,稍,14,1,1,安藤洋一,56.0,1-1-1,39.9,500,+4,ペルセイズ(1.2),,2025.11.14,大井,4,忍坂賞競(B3),,ダ1400,1:27.8,稍,14,3,2,安藤洋一,56.0,5-5-4,38.7,496,-4,コーラルキング(0.8),,2025.10.07,大井,3,B3三,,ダ1400,1:27.9,良,9,7,2,吉原寛人,56.0,5-4-3,37.6,500,+1,モリデンステルス(0.3),,2025.09.05,大井,4,月見特別(C1三),,ダ1400,1:28.1,不,12,11,1,張田昂,56.0,3-3-2,38.6,499,-3,モリデンステルス(0.9),,2025.06.13,大井,1,こと座特(C1三),,ダ1400,1:26.9,稍,12,7,2,Ｒ．クア,56.0,2-2-1,37.4,502,+1,シャドウルパン(-0.4),,2019104887,グレイテストワーク,,吉原寛人,,,,,,,,,,,202244120708,オールド・パル賞,20221207,大井,不,-15,56,1:41.3,39.2,1,先,7,H,セ,3,202130082509,サードニクス特別,20210825,門別,不,-39,54,1:36.3,38.5,2,追,4,M,牡,2,202244120708,オールド・パル賞,20221207,大井,不,-15,56,1:41.3,39.2,1,先,7,H,セ,3,202130081009,ＪＲＡ認定ウィナーズ,20210810,門別,不,-39,54,1:50.9,40.6,7,先,7,M,牡,2,2019104887,グレイテストワーク,グランデッツァ,サンデーサイレンス系,ティンバーカントリー,ネイティヴダンサー系,セ7,56.0,499(-1),吉原寛人,藤田輝信,4.7,2,5枠,122,139,105,1122,1488,8%,17%,24%,79%,70%,2019104887,グレイテストワーク,先,261,220,164,1034,1679,15%,28%,38%,81%,81%,2019104887,グレイテストワーク,吉原寛人,15,15,13,48,91,16%,32%,47%,56%,85%,2019104887,グレイテストワーク,藤田輝信,41,37,32,133,243,16%,32%,45%,57%,76%,2019104887,グレイテストワーク,グランデッツァ,3,0,2,25,30,10%,10%,16%,191%,59%,2019104887,グレイテストワーク,,0,0,0,0,0,0%,0%,0%,0%,0%,2019104887,グレイテストワーク,,2019104887,グレイテストワーク,0,0,0,0,0,0%,0%,0%,0%,0%,,,,,,,,,,,,,,,,,,,,,,,,,,,,,,,,,,,,,,,,,,,,,,,,,,,,,,,,,,,,,,,,,,,,,,,,,,,,,,,○,◎,◎,,,◎,◎,1,0.0,0.0,3,1,0.0,0.0
202644072208,6,2020104850,ノベンバーステップ,,,,,,,,,,,,,,,,2026.06.30,大井,6,C1六　七,,ダ1600,1:43.0,重,11,6,6,岡村健司,56.0,10-9-8-9,38.9,487,-7,ブッシュテソーロ(1.4),,2026.06.12,大井,8,てんびん(C1四),,ダ1400,1:28.2,稍,14,8,9,岡村健司,56.0,7-10-9,38.4,494,0,ロッソナブア(1.5),,2026.05.19,大井,4,C1五　(C1六),,ダ1400,1:28.9,良,10,7,1,岡村健司,56.0,7-4-4,39.1,494,-2,ティーズリンク(0.4),,2026.04.29,大井,3,シャムロ(C1七),,ダ1400,1:27.8,稍,14,13,9,岡村健司,56.0,13-10-9,38.4,496,+2,グラスグリード(0.6),,2026.04.02,船橋,8,馬い!淡(C1三),,ダ1200,1:17.7,不,10,1,8,濱田達也,56.0,6-5-5,41.1,494,0,アルヴァレス(1.7),,2020104850,ノベンバーステップ,,岡村健司,,,,,,,,,,,202644063007,Ｃ１六　七,20260630,大井,重,-4,56,1:43.0,38.9,6,追,6,M,牡,6,202348121402,Ｃ１５組,20231214,名古屋,重,-7,56,1:37.3,38.6,1,先,8,M,牡,3,202644063007,Ｃ１六　七,20260630,大井,重,-4,56,1:43.0,38.9,6,追,6,M,牡,6,,,,,,,,,,,,,,,,2020104850,ノベンバーステップ,モーリス,ターントゥ系,スウェプトオーヴァーボード,ネイティヴダンサー系,牡6,56.0,487(0),岡村健司,田中正人,23.8,6,6枠,123,144,133,1205,1605,7%,16%,24%,70%,74%,2020104850,ノベンバーステップ,差,539,578,614,5043,6774,7%,16%,25%,73%,74%,2020104850,ノベンバーステップ,岡村健司,12,20,23,203,258,4%,12%,21%,46%,71%,2020104850,ノベンバーステップ,田中正人,22,21,23,142,208,10%,20%,31%,77%,74%,2020104850,ノベンバーステップ,モーリス,4,4,2,33,43,9%,18%,23%,48%,63%,2020104850,ノベンバーステップ,,0,0,0,0,0,0%,0%,0%,0%,0%,2020104850,ノベンバーステップ,,2020104850,ノベンバーステップ,0,0,0,0,0,0%,0%,0%,0%,0%,,,,,,,,,,,,,,,,,,,,,,,,,,,,,,,,,,,,,,,,,,,,,,,,,,,,,,,,,,,,,,,,,,,,,,,,,,,,,,,,,△,◎,,,▲,6,52.42,5.21,3,6,61.41,6.11
202644072208,7,2021102813,ハイケンス,,,,,,,,,,,,,,,,2026.06.30,大井,2,C1六　七,,ダ1600,1:42.2,重,11,3,2,野畑凌,56.0,4-3-2-3,39.2,467,+9,ブッシュテソーロ(0.6),,2026.05.03,新潟,11,4歳以上1勝クラス,,ダ1800,1:56.3,稍,13,12,7,河原田菜,54.0,1-1-4-4,41.3,458,-2,ラストレガシー(3.0),,2026.04.11,福島,6,4歳以上1勝クラス,,ダ1700,1:46.2,良,15,11,10,河原田菜,54.0,2-2-2-4,39.0,460,0,ルージュマローネ(0.5),,2026.03.21,中京,15,4歳以上1勝クラス,,ダ1400,1:25.6,良,16,4,14,小沢大仁,58.0,12-12,37.2,460,+4,ジェミート(1.3),,2025.12.07,中京,7,3歳以上1勝クラス,,ダ1400,1:25.1,良,16,8,15,岩田康誠,58.0,10-9,37.4,456,-2,カレンワッツアップ(0.5),,2021102813,ハイケンス,,野畑凌,,,,,,,,,,,202644063007,Ｃ１六　七,20260630,大井,重,-4,56,1:42.2,39.2,2,先,3,M,牡,5,,,,,,,,,,,,,,,,202644063007,Ｃ１六　七,20260630,大井,重,-4,56,1:42.2,39.2,2,先,3,M,牡,5,202401020704,未勝利,20240831,札幌,重,-13,57,1:46.0,37.9,2,先,6,M,牡,3,2021102813,ハイケンス,アジアエクスプレス,ノーザンダンサー系,メイショウオウドウ,サンデーサイレンス系,牡5,56.0,470(+3),野畑凌,荒井朋弘,5.9,3,6枠,123,144,133,1205,1605,7%,16%,24%,70%,74%,2021102813,ハイケンス,差,539,578,614,5043,6774,7%,16%,25%,73%,74%,2021102813,ハイケンス,野畑凌,40,32,47,308,427,9%,16%,27%,85%,76%,2021102813,ハイケンス,荒井朋弘,16,23,17,179,235,6%,16%,23%,47%,67%,2021102813,ハイケンス,アジアエクスプレス,12,14,10,116,152,7%,17%,23%,51%,66%,2021102813,ハイケンス,,0,0,0,0,0,0%,0%,0%,0%,0%,2021102813,ハイケンス,,2021102813,ハイケンス,0,0,0,0,0,0%,0%,0%,0%,0%,,,,,,,,,,,,,,,,,,,,,,,,,,,,,,,,,,,,,,,,,,,,,,,,,,,,,,,,,,,,,,,,,,,,,,,,,,,,,,,▲,,○,,,,△,2,17.49,1.74,3,2,10.8,1.07
202644072208,8,2020102142,バズッチ,,,,,,,,,,,,,,,,2026.07.01,大井,14,カイピリ(C1四),,ダ1400,1:30.3,稍,14,11,10,藤本現暉,54.0,9-8-9,40.7,469,-15,ペルセイズ(3.1),,2026.01.16,大井,6,おおいぬ(C1三),,ダ1400,1:28.9,良,11,10,5,藤本現暉,54.0,4-3-3,39.8,484,+4,ジャガーバローズ(1.1),,2025.12.01,大井,8,ゼームス(B3),,ダ1600,1:42.9,良,14,11,11,藤本現暉,54.0,11-12-14-14,39.4,480,-9,ニホンダイラ(2.1),,2025.11.10,大井,13,神明坂賞(B3),,ダ1600,1:44.4,稍,13,9,7,藤本現暉,54.0,10-9-8-8,41.6,489,+3,アイビーサムライオ(3.3),,2025.10.20,大井,4,土器坂賞(B3),,ダ1600,1:43.6,稍,16,15,5,藤本現暉,54.0,6-6-6-6,39.8,486,0,アイビーサムライオ(1.0),,2020102142,バズッチ,,吉井章,,,,,,,,,,,202544091610,八景坂賞競走,20250916,大井,稍,-5,54,1:42.4,38.9,3,差,3,M,牝,5,,,,,,,,,,,,,,,,202544091610,八景坂賞競走,20250916,大井,稍,-5,54,1:42.4,38.9,3,差,3,M,牝,5,202330091209,３歳以上Ｃ４ー２,20230912,門別,稍,-19,54,1:51.1,39.7,1,逃,5,M,牝,3,2020102142,バズッチ,オルフェーヴル,サンデーサイレンス系,フレンチデピュティ,ノーザンダンサー系,牝6,54.0,474(+5),吉井章,月岡健二,70.6,7,7枠,139,129,159,1245,1672,8%,16%,25%,70%,68%,2020102142,バズッチ,差,539,578,614,5043,6774,7%,16%,25%,73%,74%,2020102142,バズッチ,吉井章,61,45,54,319,479,12%,22%,33%,125%,89%,2020102142,バズッチ,月岡健二,35,35,39,250,359,9%,19%,30%,90%,76%,2020102142,バズッチ,オルフェーヴル,12,11,8,81,112,10%,20%,27%,91%,69%,2020102142,バズッチ,,0,0,0,0,0,0%,0%,0%,0%,0%,2020102142,バズッチ,,2020102142,バズッチ,0,0,0,0,0,0%,0%,0%,0%,0%,,,,,,,,,,,,,,,,,,,,,,,,,,,,,,,,,,,,,,,,,,,,,,,,,,,,,,,,,,,,,,,,,,,,,,,,,,,,,,,,,,▲,,,,7,61.46,6.11,1,7,68.25,6.79
202644072208,9,2022101326,ハイアップグレード,,,,,,,,,,,,,,,,2026.07.01,大井,10,C1三　(C1四),,ダ1600,1:43.5,稍,10,5,10,町田直希,56.0,6-6-4-5,41.4,500,-1,グレン(2.3),,2026.06.12,大井,11,ジン・ラ(C1四),,ダ1600,1:43.9,稍,13,7,13,安藤洋一,56.0,12-12-11-11,39.7,501,+3,グロワールスカイ(2.4),,2026.05.21,大井,10,C1二　(C1三),,ダ1400,1:30.3,稍,12,2,9,安藤洋一,56.0,10-10-10,39.3,498,-6,グラスグリード(2.6),,2026.04.29,大井,14,STAR(C1),,ダ1800,1:59.9,稍,15,10,13,安藤洋一,56.0,7-6-9-9,41.6,504,-4,ディルムッド(3.0),,2026.04.17,大井,12,北極星特(C1),,ダ2000,2:12.6,重,13,10,9,町田直希,56.0,3-3-3-2,41.6,508,+10,セキトバシューズ(2.6),,2022101326,ハイアップグレード,,町田直希,,,,,,,,,,,202644070106,Ｃ１三　四五,20260701,大井,稍,-4,56,1:43.5,41.4,10,差,5,H,牡,4,,,,,,,,,,,,,,,,202644070106,Ｃ１三　四五,20260701,大井,稍,-4,56,1:43.5,41.4,10,差,5,H,牡,4,202501010504,未勝利,20250809,札幌,重,-20,57,1:48.6,41,12,差,7,M,牡,3,2022101326,ハイアップグレード,ディーマジェスティ,サンデーサイレンス系,アドマイヤムーン,ネイティヴダンサー系,牡4,56.0,496(-4),町田直希,松浦裕之,184.2,11,7枠,139,129,159,1245,1672,8%,16%,25%,70%,68%,2022101326,ハイアップグレード,差,539,578,614,5043,6774,7%,16%,25%,73%,74%,2022101326,ハイアップグレード,町田直希,9,5,7,126,147,6%,9%,14%,92%,50%,2022101326,ハイアップグレード,松浦裕之,22,31,36,220,309,7%,17%,28%,36%,68%,2022101326,ハイアップグレード,ディーマジェスティ,7,8,7,33,55,12%,27%,40%,36%,75%,2022101326,ハイアップグレード,,0,0,0,0,0,0%,0%,0%,0%,0%,2022101326,ハイアップグレード,,2022101326,ハイアップグレード,0,0,0,0,0,0%,0%,0%,0%,0%,,,,,,,,,,,,,,,,,,,,,,,,,,,,,,,,,,,,,,,,,,,,,,,,,,,,,,,,,,,,,,,,,,,,,,,,,,,,,,,,,,○,,,,8,66.37,6.6,2,9,77.46,7.7
202644072208,10,2020102386,ラバテラリュージュ,,,,,,,,,,,,,,,,2026.07.02,大井,7,海王星特(C1),,ダ1650,1:46.7,不,14,1,11,西優哉,53.0,6-6-5-6,41.3,517,-7,トクシーティグレ(1.1),,2026.06.12,大井,9,てんびん(C1四),,ダ1400,1:28.5,稍,14,5,11,中山遥人,55.0,12-12-12,38.5,524,+5,ロッソナブア(1.8),,2026.05.19,大井,2,C1五　(C1六),,ダ1400,1:28.6,良,10,4,9,中山遥人,55.0,9-10-10,38.0,519,-3,ティーズリンク(0.1),,2026.04.29,大井,8,シャムロ(C1七),,ダ1400,1:28.7,稍,14,7,13,中山遥人,55.0,13-13-13,38.7,522,+1,グラスグリード(1.5),,2026.04.15,大井,7,C1六　七,,ダ1600,1:45.0,良,12,3,9,中山遥人,55.0,5-7-8-8,38.8,521,+2,ユニヴェール(1.8),,2020102386,ラバテラリュージュ,,西優哉,,,,,,,,,,,202344100405,Ｃ２七　八,20231004,大井,不,-19,56,1:42.4,39.9,2,追,8,H,牡,3,,,,,,,,,,,,,,,,202344100405,Ｃ２七　八,20231004,大井,不,-19,56,1:42.4,39.9,2,追,8,H,牡,3,,,,,,,,,,,,,,,,2020102386,ラバテラリュージュ,ワンダーアキュート,ノーザンダンサー系,スターキングマン,ネイティヴダンサー系,牡6,53.0,521(+4),西優哉,佐野謙二,105.3,9,8枠,151,150,138,1278,1717,8%,17%,25%,57%,69%,2020102386,ラバテラリュージュ,追,58,87,110,1650,1905,3%,7%,13%,50%,54%,2020102386,ラバテラリュージュ,西優哉,1,1,1,27,30,3%,6%,10%,26%,69%,2020102386,ラバテラリュージュ,佐野謙二,16,21,26,159,222,7%,16%,28%,82%,95%,2020102386,ラバテラリュージュ,ワンダーアキュート,0,2,1,8,11,0%,18%,27%,0%,75%,2020102386,ラバテラリュージュ,,0,0,0,0,0,0%,0%,0%,0%,0%,2020102386,ラバテラリュージュ,,2020102386,ラバテラリュージュ,0,0,0,0,0,0%,0%,0%,0%,0%,,,,,,,,,,,,,,,,,,,,,,,,,,,,,,,,,,,,,,,,,,,,,,,,,,,,,,,,,,,,,,,,,,,,,,,,,,,,,,,,,,△,,,,10,77.51,7.71,2,10,86.94,8.64
202644072208,11,2019104701,サイレントブラック,,,,,,,,,,,,,,,,2026.07.01,大井,15,タイタン(C1四),,ダ1200,1:17.1,稍,15,13,12,鷹見陸,56.0,10-14,40.3,521,+1,ショウナンカチドキ(4.5),,2026.06.12,大井,12,印西市コ(C1四),,ダ1200,1:15.2,稍,14,11,8,鷹見陸,56.0,14-14,37.5,520,+1,デュピュイドローム(2.7),,2026.05.21,大井,12,C1二　(C1三),,ダ1400,1:31.6,稍,12,10,8,鷹見陸,56.0,8-10-11,40.4,519,-3,グラスグリード(3.9),,2026.02.17,大井,3,C1五　六,,ダ1200,1:14.6,稍,12,8,8,鷹見陸,56.0,11-11,36.9,522,-2,ジャイヴトーク(0.1),,2025.12.26,大井,6,B3五,,ダ1200,1:15.2,重,9,5,5,鷹見陸,55.0,7-7,38.9,524,-3,ナインエスクァイア(1.9),,2019104701,サイレントブラック,,鷹見陸,,,,,,,,,,,202544021808,Ｃ１六　七,20250218,大井,良,-1,56,1:44.5,39.4,4,先,1,M,牡,6,,,,,,,,,,,,,,,,202544021808,Ｃ１六　七,20250218,大井,良,-1,56,1:44.5,39.4,4,先,1,M,牡,6,202430091208,ランタナ特別,20240912,門別,良,-11,55,1:50.9,38.4,4,追,7,M,牡,5,2019104701,サイレントブラック,キタサンブラック,サンデーサイレンス系,Pure Prize,ノーザンダンサー系,牡7,56.0,522(+1),鷹見陸,栗田裕光,155.1,10,8枠,151,150,138,1278,1717,8%,17%,25%,57%,69%,2019104701,サイレントブラック,差,539,578,614,5043,6774,7%,16%,25%,73%,74%,2019104701,サイレントブラック,鷹見陸,28,22,26,242,318,8%,15%,23%,78%,80%,2019104701,サイレントブラック,栗田裕光,4,16,8,170,198,2%,10%,14%,42%,76%,2019104701,サイレントブラック,キタサンブラック,6,6,6,28,46,13%,26%,39%,26%,60%,2019104701,サイレントブラック,,0,0,0,0,0,0%,0%,0%,0%,0%,2019104701,サイレントブラック,,2019104701,サイレントブラック,0,0,0,0,0,0%,0%,0%,0%,0%,,,,,,,,,,,,,,,,,,,,,,,,,,,,,,,,,,,,,,,,,,,,,,,,,,,,,,,,,,,,,,,,,,,,,,,,,,,,,,,,,,△,,,,11,100.0,9.94,0,11,100.0,9.94
