circuit,pair,mark_a,mark_b,n,win_rate,place2_rate,place3_rate
JRA,本紙xCP予想,○,◎,74,0.32432432432432434,0.527027027027027,0.6081081081081081
JRA,本紙xCP予想,◎,○,62,0.3225806451612903,0.532258064516129,0.5967741935483871
JRA,本紙xCP予想,◎,◎,90,0.3,0.5,0.6111111111111112
JRA,本紙xCP予想,▲,◎,62,0.25806451612903225,0.3387096774193548,0.45161290322580644
JRA,本紙xCP予想,○,△,48,0.22916666666666666,0.3958333333333333,0.6041666666666666
JRA,本紙xCP予想,▲,○,57,0.22807017543859648,0.3508771929824561,0.49122807017543857
JRA,本紙xCP予想,☆,○,49,0.20408163265306123,0.40816326530612246,0.4897959183673469
JRA,本紙xCP予想,◎,△,55,0.18181818181818182,0.32727272727272727,0.4909090909090909
JRA,本紙xCP予想,◎,▲,41,0.17073170731707318,0.3170731707317073,0.4634146341463415
JRA,本紙xCP予想,○,○,54,0.14814814814814814,0.2037037037037037,0.25925925925925924
JRA,本紙xCP予想,▲,▲,51,0.13725490196078433,0.27450980392156865,0.45098039215686275
JRA,本紙xCP予想,○,▲,47,0.1276595744680851,0.3404255319148936,0.425531914893617
JRA,本紙xCP予想,☆,◎,47,0.1276595744680851,0.2765957446808511,0.3829787234042553
JRA,本紙xCP予想,△,◎,90,0.1111111111111111,0.2777777777777778,0.3333333333333333
JRA,本紙xCP予想,△,△,115,0.10434782608695652,0.16521739130434782,0.2782608695652174
JRA,本紙xCP予想,△,○,122,0.09836065573770492,0.2459016393442623,0.3360655737704918
JRA,本紙xCP予想,☆,△,42,0.09523809523809523,0.19047619047619047,0.3333333333333333
JRA,本紙xCP予想,▲,△,56,0.08928571428571429,0.3392857142857143,0.44642857142857145
JRA,本紙xCP予想,△,▲,117,0.08547008547008547,0.19658119658119658,0.3247863247863248
JRA,本紙xCP予想,☆,▲,56,0.07142857142857142,0.14285714285714285,0.23214285714285715
JRA,本紙xその他,◎,◎,187,0.34759358288770054,0.5294117647058824,0.6631016042780749
JRA,本紙xその他,○,◎,132,0.3333333333333333,0.5151515151515151,0.5984848484848485
JRA,本紙xその他,◎,○,116,0.3103448275862069,0.4482758620689655,0.5775862068965517
JRA,本紙xその他,☆,◎,51,0.29411764705882354,0.5098039215686274,0.5882352941176471
JRA,本紙xその他,▲,◎,88,0.2159090909090909,0.3522727272727273,0.4090909090909091
JRA,本紙xその他,◎,▲,51,0.21568627450980393,0.4117647058823529,0.49019607843137253
JRA,本紙xその他,○,▲,86,0.19767441860465115,0.29069767441860467,0.38372093023255816
JRA,本紙xその他,▲,○,104,0.19230769230769232,0.375,0.5576923076923077
JRA,本紙xその他,○,○,106,0.16981132075471697,0.4056603773584906,0.5754716981132075
JRA,本紙xその他,△,○,98,0.16326530612244897,0.3163265306122449,0.40816326530612246
JRA,本紙xその他,☆,▲,73,0.1506849315068493,0.2465753424657534,0.3424657534246575
JRA,本紙xその他,△,▲,147,0.14285714285714285,0.272108843537415,0.4217687074829932
JRA,本紙xその他,▲,▲,108,0.12962962962962962,0.25925925925925924,0.4166666666666667
JRA,本紙xその他,☆,○,72,0.125,0.3055555555555556,0.4583333333333333
JRA,本紙xその他,△,◎,56,0.125,0.2857142857142857,0.4107142857142857
JRA,本紙xその他,▲,△,81,0.12345679012345678,0.18518518518518517,0.2962962962962963
JRA,本紙xその他,○,△,76,0.10526315789473684,0.19736842105263158,0.35526315789473684
JRA,本紙xその他,◎,△,55,0.07272727272727272,0.2545454545454545,0.36363636363636365
JRA,本紙xその他,△,△,256,0.06640625,0.171875,0.2890625
JRA,本紙xその他,☆,△,97,0.061855670103092786,0.16494845360824742,0.27835051546391754
JRA,CP予想xその他,◎,◎,124,0.3467741935483871,0.5161290322580645,0.5967741935483871
JRA,CP予想xその他,◎,○,81,0.30864197530864196,0.49382716049382713,0.6049382716049383
JRA,CP予想xその他,○,◎,76,0.3026315789473684,0.5,0.5394736842105263
JRA,CP予想xその他,○,○,73,0.2465753424657534,0.410958904109589,0.5342465753424658
JRA,CP予想xその他,△,◎,54,0.24074074074074073,0.37037037037037035,0.5740740740740741
JRA,CP予想xその他,△,○,59,0.23728813559322035,0.4915254237288136,0.6440677966101694
JRA,CP予想xその他,▲,◎,47,0.2127659574468085,0.44680851063829785,0.5531914893617021
JRA,CP予想xその他,◎,▲,53,0.20754716981132076,0.4528301886792453,0.5660377358490566
JRA,CP予想xその他,○,△,69,0.14492753623188406,0.2898550724637681,0.3333333333333333
JRA,CP予想xその他,▲,▲,69,0.14492753623188406,0.2463768115942029,0.43478260869565216
JRA,CP予想xその他,▲,○,49,0.14285714285714285,0.30612244897959184,0.42857142857142855
JRA,CP予想xその他,△,▲,39,0.1282051282051282,0.23076923076923078,0.38461538461538464
JRA,CP予想xその他,○,▲,71,0.1267605633802817,0.2676056338028169,0.4084507042253521
JRA,CP予想xその他,◎,△,52,0.057692307692307696,0.21153846153846154,0.3076923076923077
JRA,CP予想xその他,△,△,71,0.056338028169014086,0.18309859154929578,0.352112676056338
JRA,CP予想xその他,▲,△,82,0.04878048780487805,0.13414634146341464,0.2804878048780488
NAR,CP予想xその他,◎,◎,504,0.4087301587301587,0.5853174603174603,0.7142857142857143
NAR,CP予想xその他,○,◎,324,0.3117283950617284,0.5308641975308642,0.654320987654321
NAR,CP予想xその他,▲,◎,264,0.2916666666666667,0.45075757575757575,0.5871212121212122
NAR,CP予想xその他,◎,○,343,0.24198250728862974,0.46647230320699706,0.60932944606414
NAR,CP予想xその他,△,◎,219,0.228310502283105,0.3926940639269406,0.54337899543379
NAR,CP予想xその他,◎,▲,233,0.22746781115879827,0.3905579399141631,0.5407725321888412
NAR,CP予想xその他,○,○,313,0.20766773162939298,0.402555910543131,0.5623003194888179
NAR,CP予想xその他,▲,○,277,0.19133574007220217,0.3971119133574007,0.5487364620938628
NAR,CP予想xその他,○,▲,270,0.17407407407407408,0.31851851851851853,0.5
NAR,CP予想xその他,△,○,249,0.1566265060240964,0.3493975903614458,0.5100401606425703
NAR,CP予想xその他,▲,▲,290,0.1310344827586207,0.3,0.45517241379310347
NAR,CP予想xその他,○,△,219,0.1187214611872146,0.2511415525114155,0.3698630136986301
NAR,CP予想xその他,◎,△,183,0.09836065573770492,0.2677595628415301,0.3989071038251366
NAR,CP予想xその他,▲,△,257,0.09727626459143969,0.245136186770428,0.3540856031128405
NAR,CP予想xその他,△,▲,267,0.09363295880149813,0.23220973782771537,0.39325842696629215
NAR,CP予想xその他,△,△,246,0.06504065040650407,0.15447154471544716,0.26422764227642276
