category,factor,kind,n_levels,LR_chi2,df,AIC_gain_per_1000R,mcfadden_r2,rate_min,rate_max
一般,Harville安い組の確率,オッズ構造,5,3673.920112997781,4,129.49663050612105,0.09824714566891934,0.11925779138893892,0.5886339937434828
一般,頭数,レース条件,6,2790.557439559918,5,98.22167648309434,0.07462445965876541,0.05023547880690738,0.5728534258456202
一般,上位3頭の支持率合計,オッズ構造,5,2446.4649022969534,4,86.13744400356612,0.06542281438823772,0.13920386007237637,0.5502573828230832
一般,1番人気オッズ,オッズ構造,7,1314.0318135039706,6,45.99356436129749,0.03513954332816949,0.16031746031746033,0.5841848067525545
一般,オッズのエントロピー,オッズ構造,5,915.3347491776658,4,32.051105626396755,0.02447767607143292,0.2264032612104108,0.4818181818181818
一般,コース,レース条件,72,755.1877312196157,71,21.660522491773488,0.020195060522416708,0.21441124780316345,0.5603448275862069
一般,距離帯,レース条件,5,383.9252613263816,4,13.27935502230321,0.010266843021998429,0.2972209138012247,0.4610924626182484
一般,オッズのジニ係数,オッズ構造,5,301.385699354978,4,10.363689969796813,0.008059588612801094,0.2607907145447951,0.4177497215001857
一般,1-2人気オッズ比(対数),オッズ構造,5,155.3991061920824,4,5.206793111451566,0.0041556479600247664,0.3085258638315273,0.40774487471526194
一般,競馬場,レース条件,10,158.55128206788504,9,4.964897455504788,0.004239942738604396,0.33052985702270815,0.4609331084879146
一般,2-3人気オッズ比(対数),オッズ構造,5,131.05610076586163,4,4.346889708780304,0.0035046727818580647,0.3124741842213961,0.41420313790255986
一般,クラス,レース条件,5,106.2446224693631,4,3.470437757227846,0.0028411698075192504,0.3541832669322709,0.4515789473684211
一般,10倍未満の頭数,オッズ構造,7,98.99887757239048,6,3.0731879463206218,0.0026474057265164497,0.3013824884792627,0.430622009569378
一般,ハンデ戦(推定),レース条件,2,71.11652823687473,1,2.4415036997730306,0.001901782209263958,0.3681298549025355,0.5004916420845624
一般,年齢条件,レース条件,4,39.26702410627331,3,1.1751395000273168,0.0010500699304009098,0.3076923076923077,0.38565719360568385
一般,馬場状態,レース条件,4,22.20479450179846,3,0.5724255361121361,0.0005937956223512897,0.36778220059953803,0.4295366795366795
一般,月,レース条件,12,34.86438669364725,11,0.4544274504096665,0.0009323355905399566,0.34608294930875577,0.4057843996494303
一般,天候,レース条件,6,12.177531905319483,5,0.0769201280624354,0.00032564882038588205,0.36916737365167857,0.4056987788331072
一般,芝ダ,レース条件,2,3.5203084493841743,1,0.05370406758925339,9.413929709645164e-05,0.3676267916207277,0.37841559759367976
一般,牝馬限定(全頭牝),レース条件,2,0.0037672034595743753,1,-0.07051583583102285,1.0074170797569337e-07,0.3728166382321878,0.37334055811433214
一般,開催日目,レース条件,5,0.8482503332270426,4,-0.2526316601353971,2.2683719702376592e-05,0.3689444523369797,0.37760995113282986
新馬,Harville安い組の確率,オッズ構造,5,615.2317494078288,4,138.73240790674635,0.11155727538456361,0.10503842869342442,0.6080870917573873
新馬,頭数,レース条件,6,512.9278290646453,5,114.90240554367038,0.09300695410216886,0.024390243902439025,0.4892241379310345
新馬,上位3頭の支持率合計,オッズ構造,5,350.04496594967077,4,78.14598262501046,0.06347211876014847,0.14479254868755292,0.5544147843942505
新馬,コース,レース条件,48,239.95094633602366,47,33.344972889198914,0.04350925293592112,0.11666666666666667,0.4772727272727273
新馬,競馬場,レース条件,10,119.6304224541791,9,23.219196356906348,0.021692059935037422,0.10837438423645321,0.41899441340782123
新馬,1番人気オッズ,オッズ構造,7,112.84100948633204,6,23.03884155502217,0.02046096545253928,0.23383084577114427,0.525974025974026
新馬,月,レース条件,10,101.84466449036972,9,19.15573783193277,0.01846704643239938,0.21739130434782608,0.42857142857142855
新馬,芝ダ,レース条件,2,54.36656144026347,1,11.964030486694876,0.009858050193509826,0.288021534320323,0.400711743772242
新馬,年齢条件,レース条件,2,51.53050548386727,1,11.31608532873367,0.00934380060278528,0.2998324958123953,0.4339622641509434
新馬,オッズのジニ係数,オッズ構造,5,41.82056078171081,4,7.726881604229109,0.0075831389071723265,0.2506811989100817,0.3626882966396292
新馬,オッズのエントロピー,オッズ構造,5,37.692144398011806,4,6.783674753943752,0.006834551267048461,0.25398512221041447,0.37209302325581395
新馬,2-3人気オッズ比(対数),オッズ構造,5,28.872697621641237,4,4.768722326168891,0.00523535965556543,0.2575599582898853,0.3546734955185659
新馬,距離帯,レース条件,3,24.352269199109287,2,4.649821612773426,0.0044156901913773305,0.2868369351669941,0.36755162241887906
新馬,馬場状態,レース条件,4,21.00461640852336,3,3.4280594947505967,0.0038086749900150263,0.3096259963212753,0.48360655737704916
新馬,牝馬限定(全頭牝),レース条件,2,8.8735833133087,1,1.5703868661888736,0.0016090079523423118,0.3167733674775928,0.3855932203389831
新馬,開催日目,レース条件,5,14.10961071242673,4,1.395844348281181,0.0025584338411179797,0.28449744463373083,0.3588807785888078
新馬,ハンデ戦(推定),レース条件,1,0.0,0,0.0,0.0,0.32419465387251545,0.32419465387251545
新馬,天候,レース条件,6,9.286195884751578,5,-0.1630806751767014,0.0016838251806532423,0.31528662420382164,0.35944700460829493
新馬,1-2人気オッズ比(対数),オッズ構造,5,6.678940113117278,4,-0.30181857136913914,0.0012110629241633974,0.2947976878612717,0.3428943937418514
新馬,10倍未満の頭数,オッズ構造,7,9.619050319612143,6,-0.5439683985350371,0.0017441802157899255,0.30165289256198347,0.3821656050955414
未勝利,Harville安い組の確率,オッズ構造,5,1043.962658948698,4,60.16742124222895,0.0499434370244185,0.13107416879795397,0.5046296296296297
未勝利,上位3頭の支持率合計,オッズ構造,5,707.077019567856,4,40.601522799852255,0.03382674303098432,0.1737604212373848,0.46171802054155
未勝利,頭数,レース条件,6,526.575884173446,5,30.002084108110466,0.02519152316834583,0.04735376044568245,0.39869281045751637
未勝利,オッズのエントロピー,オッズ構造,5,467.0984325328318,4,26.66386528823509,0.022346106874072125,0.21210553543714433,0.4633529907329402
未勝利,1番人気オッズ,オッズ構造,7,359.28415293735816,6,20.16983116142166,0.01718824453373513,0.17336532693461307,0.47194719471947194
未勝利,オッズのジニ係数,オッズ構造,5,254.60228844811354,4,14.322353841800066,0.012180237722474008,0.23320719016083255,0.3810359964881475
未勝利,10倍未満の頭数,オッズ構造,7,117.6584411985823,6,6.136510698024294,0.005628809515380806,0.22249190938511326,0.38477580813347234
未勝利,年齢条件,レース条件,2,76.09415131029891,1,4.303296045434947,0.0036403633993189466,0.24768756423432683,0.3143365983971505
未勝利,2-3人気オッズ比(対数),オッズ構造,5,47.01184145091247,4,2.2657591735923144,0.002249058357384204,0.25622074402562206,0.3163040050457269
未勝利,1-2人気オッズ比(対数),オッズ構造,5,43.68368087495037,4,2.072463751594283,0.0020898383156442435,0.2628992628992629,0.32971014492753625
未勝利,月,レース条件,12,52.01004122356608,11,1.742945825506219,0.0024881734956904156,0.24295432458697766,0.3439241917502787
未勝利,競馬場,レース条件,10,40.48995198179182,9,1.3061884064230351,0.0019370495195304427,0.2757648953301127,0.3424021234240212
未勝利,コース,レース条件,64,143.76981747847094,63,1.0320488720217762,0.006877984345224575,0.2072892938496583,0.3875
未勝利,芝ダ,レース条件,2,9.633789506253379,1,0.44336098886359504,0.00046088292084756066,0.2861218667210108,0.3079416531604538
未勝利,ハンデ戦(推定),レース条件,1,0.0,0,0.0,0.0,0.2955047043791381,0.2955047043791381
未勝利,牝馬限定(全頭牝),レース条件,2,1.1564776674749737,1,-0.04899072671187282,5.532618342296569e-05,0.29366851545055106,0.30314842578710643
未勝利,馬場状態,レース条件,4,4.445153374810616,3,-0.0903035558827613,0.0002126572590845921,0.28507510386705015,0.31401273885350317
未勝利,開催日目,レース条件,5,5.843793596664909,4,-0.125229782979155,0.0002795685602132725,0.2910573004075761,0.3243445692883895
未勝利,天候,レース条件,6,7.651449789427716,5,-0.136400871795347,0.00036604728859612745,0.28685417913425093,0.3159541188738269
未勝利,距離帯,レース条件,5,3.0205219220370054,4,-0.2892018862796489,0.00014450253091047305,0.2921943654691135,0.3523809523809524
