category,n,n_arere,n_dates,AUC_cond_only,AUC_score15,AUC_score15_plus10,logloss_score15,logloss_plus10,dLL_total,dLL_lo,dLL_hi,verdict,signal_alone
一般,400,144,26.0,0.6821289062499999,0.7239583333333334,0.7269965277777778,0.5767121373779621,0.5769552115870339,-0.09722968362867734,-5.611866057360295,5.237523355506682,差は判別できず(CIが0をまたぐ),
一般,400,144,,,0.7239583333333334,0.7227918836805555,,,-0.5831155467774665,-1.2140651233866602,-0.004537048385731471,,honmei_split
一般,400,144,,,0.7239583333333334,0.724853515625,,,0.8436949558093202,-1.3120359029730968,2.9530403319038006,,fav_honmei_share
一般,400,144,,,0.7239583333333334,0.7226562500000001,,,-0.41096889935303343,-1.9091939220774974,0.9382247974549687,,ana_honmei_share
一般,400,144,,,0.7239583333333334,0.7204047309027778,,,-0.7853938397020759,-1.5977411135136956,-0.04604079391844942,,speed_top_gap
一般,400,144,,,0.7239583333333334,0.7244194878472221,,,-0.2636781555405545,-1.9652596087560823,1.5012335348495047,,speed_cv
一般,400,144,,,0.7239583333333334,0.7202148437500001,,,-0.7055444480675256,-1.5849653203557457,0.14064796117517012,,longshot_training_ab
一般,400,144,,,0.7239583333333334,0.7210828993055556,,,-0.5957815880040608,-1.9548404127804428,0.6767376282768495,,model_top_pop
一般,400,144,,,0.7239583333333334,0.7241753472222222,,,0.12403202835356841,-1.5932541710984653,1.8100667906829773,,model_market_rho
一般,400,144,,,0.7239583333333334,0.7247992621527777,,,1.4633279879083294,-1.8127339365366324,4.348474911922281,,fav_flop_rank
一般,400,144,,,0.7239583333333334,0.7309841579861112,,,0.8037374294502726,-2.6442700175122047,4.128987564005462,,top3pop_unproven
新馬,97,26,26.0,0.6868905742145179,0.7085590465872156,0.6836403033586133,0.5202441858680857,0.5452739238997676,-2.427884589073141,-7.243618964655613,1.9779707557334256,差は判別できず(CIが0をまたぐ),
新馬,97,26,,,0.7085590465872156,0.6847237269772481,,,-1.0079700700399978,-2.0678116245732094,0.0980402915608026,,honmei_split
新馬,97,26,,,0.7085590465872156,0.6928494041170097,,,-0.6997446382573255,-1.6109139801447379,0.20589812268673138,,fav_honmei_share
新馬,97,26,,,0.7085590465872156,0.680931744312026,,,-1.5961520630708783,-3.295677220262371,-0.3196485043913089,,ana_honmei_share
新馬,97,26,,,0.7085590465872156,0.7053087757313109,,,0.0726372683823468,-0.6852722069169456,0.8843973577227934,,speed_top_gap
新馬,97,26,,,0.7085590465872156,0.7053087757313109,,,0.0726372683823468,-0.7272241579334164,0.9639498959755176,,speed_cv
新馬,97,26,,,0.7085590465872156,0.6901408450704225,,,-0.6920329734782653,-1.640252699275868,0.27461247310594633,,longshot_training_ab
新馬,97,26,,,0.7085590465872156,0.6847237269772481,,,-0.7500638128949453,-1.4892821560580596,0.0621669205984276,,model_top_pop
新馬,97,26,,,0.7085590465872156,0.7426868905742146,,,2.449420636208,-0.8953297985415785,5.841990357580587,,model_market_rho
新馬,97,26,,,0.7085590465872156,0.6933911159263272,,,-0.8649692684963424,-1.5085413821223548,-0.1615621543457593,,fav_flop_rank
新馬,97,26,,,0.7085590465872156,0.7053087757313109,,,0.0726372683823468,-0.6896057659538511,0.8658689121410355,,top3pop_unproven
未勝利,293,84,26.0,0.7339371155160629,0.7320004556846661,0.7192982456140351,0.5241405528780045,0.5441699199615075,-5.868604555466391,-18.39937259165913,3.926675749159829,差は判別できず(CIが0をまたぐ),
未勝利,293,84,,,0.7320004556846661,0.7309182046024151,,,-0.5616735663023616,-2.628164027183253,1.1679072333146996,,honmei_split
未勝利,293,84,,,0.7320004556846661,0.7293233082706767,,,-0.5397806988412251,-1.3959044123602675,0.20039575799192533,,fav_honmei_share
未勝利,293,84,,,0.7320004556846661,0.727842333105491,,,-0.9834001886564607,-1.9627504094395352,0.08867330001985171,,ana_honmei_share
未勝利,293,84,,,0.7320004556846661,0.745272271588061,,,1.1440322908489575,-8.92614058498844,9.167304035644852,,speed_top_gap
未勝利,293,84,,,0.7320004556846661,0.722943722943723,,,-2.2414750017918856,-5.852311007474578,-0.2222631902639667,,speed_cv
未勝利,293,84,,,0.7320004556846661,0.7288106630211894,,,-0.9109404741502182,-2.428263626387802,0.4959714484039887,,longshot_training_ab
未勝利,293,84,,,0.7320004556846661,0.7255069491911598,,,-0.8423173955376578,-1.5726190280170893,-0.1486173996873902,,model_top_pop
未勝利,293,84,,,0.7320004556846661,0.7301777170198223,,,-0.5565946064361338,-1.3200913018772815,0.26126069298626897,,model_market_rho
未勝利,293,84,,,0.7320004556846661,0.7353041695146959,,,-0.24188356376654863,-4.32494808327169,3.1076590606646346,,fav_flop_rank
未勝利,293,84,,,0.7320004556846661,0.7296081111870585,,,-0.6886017322687665,-1.2120909031035056,-0.19504941840464976,,top3pop_unproven
全体(区分ダミー付),790,254,26.0,0.7008755435421319,0.7275091080032906,0.7246371489011635,0.5496398414834496,0.5527087072546686,-2.4244039592629845,-9.368530217358614,4.207489317413835,差は判別できず(CIが0をまたぐ),
全体(区分ダミー付),790,254,,,0.7275091080032906,0.7263485721001292,,,-0.7088192082446778,-1.6923812111540781,0.05046171068864937,,honmei_split
全体(区分ダミー付),790,254,,,0.7275091080032906,0.726561581854507,,,-0.4382442225062909,-1.8024705019378005,0.9111466160500484,,fav_honmei_share
全体(区分ダミー付),790,254,,,0.7275091080032906,0.7258123751322129,,,-1.0143776154882795,-1.9986243358388145,-0.047638927384727,,ana_honmei_share
全体(区分ダミー付),790,254,,,0.7275091080032906,0.72915442472676,,,0.3024658914970666,-6.513896642521684,5.917228820435325,,speed_top_gap
全体(区分ダミー付),790,254,,,0.7275091080032906,0.7262751204606887,,,-0.6546542719630316,-1.339975422721827,0.016956607798511648,,speed_cv
全体(区分ダミー付),790,254,,,0.7275091080032906,0.7260400752144788,,,-0.8790511481605977,-1.5590294909007831,-0.26297940936069947,,longshot_training_ab
全体(区分ダミー付),790,254,,,0.7275091080032906,0.7259078622634858,,,-0.6498761772896505,-1.5672345134585712,0.1167010279569847,,model_top_pop
全体(区分ダミー付),790,254,,,0.7275091080032906,0.7293453989893054,,,1.132062513957226,-1.6675498930189752,3.859738906048752,,model_market_rho
全体(区分ダミー付),790,254,,,0.7275091080032906,0.7258417557879892,,,-0.3392973432617838,-1.5734274354641975,0.9543066817032659,,fav_flop_rank
全体(区分ダミー付),790,254,,,0.7275091080032906,0.7301754025149841,,,0.6605512308975516,-1.7635421831974456,2.974187288233371,,top3pop_unproven
