race_id,race_number,race_name,surface,distance_m,weather,going,start_time,race_date,racecourse,finish_pos,waku,umaban,horse_id,horse_name,sex_age,kinryo,jockey_id,jockey_name,time,margin,passing_order,last_3f,odds_final,popularity,weight,trainer_id,trainer_name,owner_id,owner_name,prize
202406040501,1,障害3歳以上未勝利,芝,2880,曇,良,10:05,2024-09-16,中山,1,4,4,2020103003,ピンポイントドロー,牡4,60,01069,五十嵐雄,3:15.3,,1-1-1-1,13.6,4.3,2,494(+2),00420,[東]宗像義忠,960006,薗部博之,790.0
202406040501,1,障害3歳以上未勝利,芝,2880,曇,良,10:05,2024-09-16,中山,2,6,6,2020103173,トーアモルペウス,セ4,60,01059,石神深一,3:16.5,7,2-2-2-2,13.6,1.5,1,492(+8),01182,[東]辻哲英,784800,高山ランド,320.0
202406040501,1,障害3歳以上未勝利,芝,2880,曇,良,10:05,2024-09-16,中山,3,1,1,2017104128,バーンパッション,牡7,60,01120,大江原圭,3:16.7,1.1/2,3-3-3-3,13.7,7.1,4,466(+8),01090,[東]天間昭一,851009,岡田牧雄,200.0
202406040501,1,障害3歳以上未勝利,芝,2880,曇,良,10:05,2024-09-16,中山,4,5,5,2019101488,クラウンセト,牡5,60,01113,草野太郎,3:19.0,大,3-3-3-4,13.8,7.1,3,460(+6),01056,[東]本間忍,817033,和田志保,120.0
202406040501,1,障害3歳以上未勝利,芝,2880,曇,良,10:05,2024-09-16,中山,5,2,2,2021100123,イチリュウオー,牡3,58,01087,上野翔,3:20.3,8,5-5-5-5,13.9,65.9,6,458(+10),00405,[東]小西一男,355803,しょうじ,79.0
202406040501,1,障害3歳以上未勝利,芝,2880,曇,良,10:05,2024-09-16,中山,6,7,7,2021102960,ソルトロング,牡3,58,01151,井上敏樹,3:25.3,大,6-6-7-7,14.3,75.7,7,456(+8),01033,[西]木原一良,781033,杉浦敏夫,
202406040501,1,障害3歳以上未勝利,芝,2880,曇,良,10:05,2024-09-16,中山,7,3,3,2018101462,フレーゲル,牡6,60,01149,伴啓太,3:28.3,大,7-6-6-6,14.5,19.4,5,494(+6),01179,[東]鈴木慎太,149033,内田玄祥,
202406040502,2,2歳未勝利,芝,1600,曇,良,10:40,2024-09-16,中山,1,5,8,2022106065,ホリーアン,牝2,55,01117,丸田恭介,1:35.0,,3-3-3,35.2,35.8,8,424(+6),01024,[東]萱野浩二,055700,グリーンスウォード,550.0
202406040502,2,2歳未勝利,芝,1600,曇,良,10:40,2024-09-16,中山,2,4,5,2022106969,メルシーボクアスク,牝2,55,01197,佐々木大,1:35.1,3/4,1-1-1,35.5,17.3,7,436(+4),01191,[東]蛯名正義,037803,廣崎利洋ＨＤ,220.0
202406040502,2,2歳未勝利,芝,1600,曇,良,10:40,2024-09-16,中山,3,3,3,2022105314,フィーユチャン,牝2,55,01178,斎藤新,1:35.1,クビ,9-8-7,34.8,7.1,4,438(-2),01086,[東]斎藤誠,072803,スリーエイチレーシング,140.0
202406040502,2,2歳未勝利,芝,1600,曇,良,10:40,2024-09-16,中山,4,6,10,2022101169,ブルーブレイブ,牝2,55,00733,吉田豊,1:35.3,1.1/2,13-10-10,34.9,2.6,1,484(+6),01110,[西]清水久詞,376031,岡田甲子男,83.0
202406040502,2,2歳未勝利,芝,1600,曇,良,10:40,2024-09-16,中山,5,3,4,2022105435,ボンヌソワレ,牝2,55,05386,戸崎圭太,1:35.4,クビ,4-5-7,35.4,4.3,2,432(-2),01175,[東]宮田敬介,415800,社台レースホース,55.0
202406040502,2,2歳未勝利,芝,1600,曇,良,10:40,2024-09-16,中山,6,7,11,2022104978,アンティジャミーラ,牝2,55,05203,岩田康誠,1:35.5,1/2,4-5-3,35.6,14.1,6,450(-4),01081,[東]中川公成,486800,キャロットファーム,
202406040502,2,2歳未勝利,芝,1600,曇,良,10:40,2024-09-16,中山,7,8,13,2022100784,アンジュオスリール,牝2,55,01122,三浦皇成,1:35.6,1/2,2-2-2,35.9,9.3,5,444(-8),01114,[東]和田正一,788800,ノースヒルズ,
202406040502,2,2歳未勝利,芝,1600,曇,良,10:40,2024-09-16,中山,8,8,14,2022100547,アサクサグレース,牝2,55,05212,Ｍ．デム,1:35.7,1,4-5-3,35.7,6.6,3,462(+2),01054,[東]戸田博文,353031,櫻井素子,
202406040502,2,2歳未勝利,芝,1600,曇,良,10:40,2024-09-16,中山,9,7,12,2022101665,チャーミングドール,牝2,55,01075,田辺裕信,1:36.3,3.1/2,12-12-11,35.7,79.3,9,430(0),00423,[東]上原博之,003060,ゴドルフィン,
202406040502,2,2歳未勝利,芝,1600,曇,良,10:40,2024-09-16,中山,10,6,9,2022103034,アズーラ,牝2,52,01203,石田拓郎,1:36.4,クビ,9-13-11,35.7,206.2,13,418(+2),01035,[東]佐藤吉勝,378034,江川聡子,
202406040502,2,2歳未勝利,芝,1600,曇,良,10:40,2024-09-16,中山,11,4,6,2022101087,ディフューズ,牝2,55,01167,木幡育也,1:36.5,1/2,9-3-3,36.7,152.4,10,414(+6),01047,[東]勢司和浩,716800,ビッグレッドファーム,
202406040502,2,2歳未勝利,芝,1600,曇,良,10:40,2024-09-16,中山,12,2,2,2022103329,フェリスナビダ,牝2,53,01183,小林脩斗,1:36.5,クビ,4-8-7,36.2,191.9,12,462(+2),01056,[東]本間忍,629800,ミルファーム,
202406040502,2,2歳未勝利,芝,1600,曇,良,10:40,2024-09-16,中山,13,1,1,2022107136,フクライキリシマ,牝2,51,01210,大江原比,1:38.6,大,4-10-13,38.1,172.0,11,398(+4),01089,[東]武市康男,772002,西村新一郎,
202406040502,2,2歳未勝利,芝,1600,曇,良,10:40,2024-09-16,中山,取,5,7,2022101618,スペシャルバニー,牝2,55,01160,荻野極,,,,,---,,計不,01027,[東]田村康仁,087803,ＨｉｍＲｏｃｋＲａｃｉｎｇホールディングス,
202406040503,3,2歳未勝利,ダ,1200,曇,良,11:10,2024-09-16,中山,1,6,8,2022100918,ケイツーギルダー,牡2,55,01170,横山武史,1:12.5,,3-3,37.9,2.7,2,494(-2),01199,[東]千葉直人,103006,楠本勝美,550.0
202406040503,3,2歳未勝利,ダ,1200,曇,良,11:10,2024-09-16,中山,2,5,7,2022104778,カルデライト,牝2,55,05339,ルメール,1:12.8,2,2-2,38.3,2.0,1,452(+2),01201,[東]森一誠,808800,Ｇ１レーシング,220.0
202406040503,3,2歳未勝利,ダ,1200,曇,良,11:10,2024-09-16,中山,3,8,13,2022107279,ミトノキャット,牝2,55,01162,木幡巧也,1:13.2,2.1/2,3-4,38.5,30.2,7,438(+6),01106,[東]牧光二,018700,ロイヤルパーク,140.0
202406040503,3,2歳未勝利,ダ,1200,曇,良,11:10,2024-09-16,中山,4,3,3,2022102734,スマートテンペスト,牡2,55,01160,荻野極,1:14.0,5,9-8,38.4,11.3,3,476(-4),01196,[西]西園翔太,007803,大川徹,83.0
202406040503,3,2歳未勝利,ダ,1200,曇,良,11:10,2024-09-16,中山,5,4,4,2022100734,チートメジャー,牡2,52,01209,石神深道,1:14.2,3/4,5-6,39.3,32.8,8,482(+6),01147,[東]武井亮,268008,小田吉男,55.0
202406040503,3,2歳未勝利,ダ,1200,曇,良,11:10,2024-09-16,中山,6,8,12,2022106235,ウインレアリゼ,牝2,55,01091,丹内祐次,1:14.2,ハナ,5-4,39.4,27.3,5,454(+2),01171,[東]小手川準,494800,ウイン,
202406040503,3,2歳未勝利,ダ,1200,曇,良,11:10,2024-09-16,中山,7,5,6,2022101931,テイエムシェボン,牝2,55,01161,菊沢一樹,1:14.5,2,7-7,39.4,116.4,11,486(+2),01043,[東]石栗龍彦,356002,竹園正繼,
202406040503,3,2歳未勝利,ダ,1200,曇,良,11:10,2024-09-16,中山,8,7,10,2022101616,ブルドッグキング,牡2,55,00422,内田博幸,1:14.6,1/2,1-1,40.2,17.8,4,482(+2),01086,[東]斎藤誠,087803,ＨｉｍＲｏｃｋＲａｃｉｎｇホールディングス,
202406040503,3,2歳未勝利,ダ,1200,曇,良,11:10,2024-09-16,中山,9,1,1,2022101855,クリノアイオライト,牡2,55,01085,松岡正海,1:15.0,2.1/2,10-10,39.2,99.2,10,422(+4),01056,[東]本間忍,116034,栗本依利子,
202406040503,3,2歳未勝利,ダ,1200,曇,良,11:10,2024-09-16,中山,10,7,11,2022103335,キスメット,牡2,55,01109,黛弘人,1:15.0,クビ,12-12,38.6,133.3,12,460(-6),01124,[東]大和田成,629800,ミルファーム,
202406040503,3,2歳未勝利,ダ,1200,曇,良,11:10,2024-09-16,中山,11,6,9,2022101337,シャトーペリオット,牡2,52,01214,長浜鴻緒,1:15.5,3,12-12,39.0,212.8,13,510(+14),01029,[東]根本康広,155006,円城幸男,
202406040503,3,2歳未勝利,ダ,1200,曇,良,11:10,2024-09-16,中山,12,2,2,2022100207,タイセイフランク,牡2,55,05203,岩田康誠,1:16.0,2.1/2,10-11,40.2,42.8,9,472(-4),01127,[東]栗田徹,224007,田中成奉,
202406040503,3,2歳未勝利,ダ,1200,曇,良,11:10,2024-09-16,中山,13,4,5,2022103735,アラシヲヨブオトコ,牡2,53,01205,小林勝太,1:17.7,10,7-8,42.6,30.1,6,430(+4),01023,[東]伊藤圭三,370803,是枝浩平,
202406040504,4,2歳未勝利,芝,1800,曇,良,11:40,2024-09-16,中山,1,3,3,2022107202,ニシノイストワール,牡2,55,01122,三浦皇成,1:49.1,,1-1-1-1,35.0,11.0,4,452(+8),01097,[東]鹿戸雄一,897009,西山茂行,550.0
202406040504,4,2歳未勝利,芝,1800,曇,良,11:40,2024-09-16,中山,2,5,6,2022103493,ベールドインパクト,牡2,55,01140,横山和生,1:49.1,ハナ,2-2-2-2,34.8,7.9,3,440(+8),01068,[東]小島茂之,851009,岡田牧雄,220.0
202406040504,4,2歳未勝利,芝,1800,曇,良,11:40,2024-09-16,中山,3,2,2,2022104896,カラマティアノス,牡2,55,05339,ルメール,1:49.1,クビ,8-7-7-6,34.2,1.5,1,464(+6),01145,[東]奥村武,226800,サンデーレーシング,140.0
202406040504,4,2歳未勝利,芝,1800,曇,良,11:40,2024-09-16,中山,4,4,4,2022105777,ドゥカート,牡2,55,01179,菅原明良,1:49.2,1/2,3-3-4-3,34.7,4.7,2,466(+6),01175,[東]宮田敬介,808800,Ｇ１レーシング,83.0
202406040504,4,2歳未勝利,芝,1800,曇,良,11:40,2024-09-16,中山,5,8,11,2022100979,マイネルトラオム,牡2,55,01091,丹内祐次,1:49.7,3,5-5-4-3,35.1,57.1,7,456(-6),01174,[東]深山雅史,546800,サラブレッドクラブ・ラフィアン,55.0
202406040504,4,2歳未勝利,芝,1800,曇,良,11:40,2024-09-16,中山,6,6,7,2022106787,ガーンディーヴァ,牝2,55,01127,丸山元気,1:49.8,クビ,5-5-6-6,35.0,42.5,6,414(+2),01115,[東]菊沢隆徳,716800,ビッグレッドファーム,
202406040504,4,2歳未勝利,芝,1800,曇,良,11:40,2024-09-16,中山,7,8,12,2022107226,カゼノタカトシ,牡2,55,01075,田辺裕信,1:50.0,1,10-9-8-8,34.9,14.1,5,464(+2),01067,[東]久保田貴,186006,深井孟,
202406040504,4,2歳未勝利,芝,1800,曇,良,11:40,2024-09-16,中山,8,6,8,2022106810,カンナギ,牝2,54,01184,原優介,1:50.2,1.1/4,7-7-8-9,35.2,151.4,10,404(+4),01171,[東]小手川準,546800,サラブレッドクラブ・ラフィアン,
202406040504,4,2歳未勝利,芝,1800,曇,良,11:40,2024-09-16,中山,9,7,9,2022106795,ルラクソント,牡2,55,01077,石橋脩,1:50.5,2,3-3-3-3,36.1,104.8,8,472(0),01081,[東]中川公成,716800,ビッグレッドファーム,
202406040504,4,2歳未勝利,芝,1800,曇,良,11:40,2024-09-16,中山,10,7,10,2022103315,エットトゥカム,牡2,55,01109,黛弘人,1:51.0,3,11-11-10-10,35.6,272.9,11,400(-2),01174,[東]深山雅史,629800,ミルファーム,
202406040504,4,2歳未勝利,芝,1800,曇,良,11:40,2024-09-16,中山,11,1,1,2022107274,ソラトブツバメ,牡2,55,01158,野中悠太,1:51.7,4,9-9-10-10,36.4,292.0,12,442(-8),01029,[東]根本康広,468030,福本次雄,
202406040504,4,2歳未勝利,芝,1800,曇,良,11:40,2024-09-16,中山,12,5,5,2022102097,チュラビックタイム,牡2,55,01178,斎藤新,1:52.7,6,12-12-12-12,36.3,138.8,9,478(+4),01086,[東]斎藤誠,859031,松澤光洋,
202406040505,5,2歳新馬,芝,1600,曇,良,12:30,2024-09-16,中山,1,7,8,2022105141,レーヴブリリアント,牡2,55,05339,ルメール,1:35.8,,7-6-4,34.0,2.4,1,448(0),01162,[東]田中博康,309031,松田和志,720.0
202406040505,5,2歳新馬,芝,1600,曇,良,12:30,2024-09-16,中山,2,5,5,2022101388,ベストシーン,牡2,55,01127,丸山元気,1:35.8,クビ,8-7-7,33.8,25.3,6,460(0),01038,[東]手塚貴久,265006,星野壽市,290.0
202406040505,5,2歳新馬,芝,1600,曇,良,12:30,2024-09-16,中山,3,3,3,2022104611,ジュンライトニング,牡2,55,01197,佐々木大,1:36.0,1.1/4,4-3-3,34.6,3.7,2,446(0),01110,[西]清水久詞,165033,河合純二,180.0
202406040505,5,2歳新馬,芝,1600,曇,良,12:30,2024-09-16,中山,4,1,1,2022104697,イミグラントソング,牡2,55,05386,戸崎圭太,1:36.0,アタマ,2-4-4,34.4,9.4,5,476(0),01182,[東]辻哲英,790005,吉田勝己,110.0
202406040505,5,2歳新馬,芝,1600,曇,良,12:30,2024-09-16,中山,5,2,2,2022103529,ホウオウユニバース,牡2,55,01179,菅原明良,1:36.2,1,2-2-2,35.0,5.2,3,490(0),01176,[西]吉岡辰弥,906033,小笹芳央,72.0
202406040505,5,2歳新馬,芝,1600,曇,良,12:30,2024-09-16,中山,6,8,10,2022102567,オロパタジン,牡2,55,01150,石川裕紀,1:36.5,1.3/4,6-7-7,34.6,8.6,4,454(0),01020,[東]相沢郁,812008,石瀬浩三,
202406040505,5,2歳新馬,芝,1600,曇,良,12:30,2024-09-16,中山,7,7,7,2022101138,マイボーイ,牡2,53,01205,小林勝太,1:36.6,1,1-1-1,35.7,98.4,8,478(0),01169,[東]加藤士津,370803,是枝浩平,
202406040505,5,2歳新馬,芝,1600,曇,良,12:30,2024-09-16,中山,8,4,4,2022106679,デザートスノー,牡2,55,01162,木幡巧也,1:36.8,1,4-4-4,35.1,36.9,7,444(0),01047,[東]勢司和浩,818033,鈴木道雄,
202406040505,5,2歳新馬,芝,1600,曇,良,12:30,2024-09-16,中山,9,6,6,2022100533,スターオブガイア,牡2,55,01117,丸田恭介,1:40.0,大,8-9-9,37.9,143.9,9,432(0),00437,[東]南田美知,791033,光安了,
202406040505,5,2歳新馬,芝,1600,曇,良,12:30,2024-09-16,中山,10,8,9,2022106034,オートマティック,牡2,52,01198,土田真翔,1:40.8,5,10-10-10,38.5,193.6,10,466(0),01143,[東]和田雄二,054030,田端修,
202406040506,6,2歳新馬,芝,1800,曇,良,13:00,2024-09-16,中山,1,7,8,2022104994,ブラウンラチェット,牝2,55,05339,ルメール,1:50.1,,3-3-3-2,34.3,1.2,1,438(0),01038,[東]手塚貴久,226800,サンデーレーシング,720.0
202406040506,6,2歳新馬,芝,1800,曇,良,13:00,2024-09-16,中山,2,4,4,2022107285,ミライヘノハナ,牝2,55,01043,北村宏司,1:50.3,1.1/2,3-3-3-5,34.4,14.9,4,438(0),01109,[東]伊藤大士,672030,三島宣彦,290.0
202406040506,6,2歳新馬,芝,1800,曇,良,13:00,2024-09-16,中山,3,5,5,2022102635,バンブルビー,牡2,55,01075,田辺裕信,1:50.5,1.1/4,1-1-1-2,35.0,17.0,5,464(0),00405,[東]小西一男,842033,小泉修,180.0
202406040506,6,2歳新馬,芝,1800,曇,良,13:00,2024-09-16,中山,4,1,1,2022101286,クラウンアールシー,牡2,53,01205,小林勝太,1:50.6,3/4,7-6-7-5,34.5,70.3,10,456(0),01169,[東]加藤士津,043033,矢野恭裕,110.0
202406040506,6,2歳新馬,芝,1800,曇,良,13:00,2024-09-16,中山,5,8,11,2022104262,ムコウジマドリーム,牡2,55,01188,永野猛蔵,1:50.7,1/2,2-2-2-1,35.1,10.2,2,434(0),01051,[東]岩戸孝樹,247030,芳賀克也,72.0
202406040506,6,2歳新馬,芝,1800,曇,良,13:00,2024-09-16,中山,6,3,3,2022104324,ヴォルヴァ,牝2,55,01197,佐々木大,1:50.8,3/4,5-5-5-4,34.8,14.2,3,420(0),01141,[東]尾形和幸,345031,伊藤正樹,
202406040506,6,2歳新馬,芝,1800,曇,良,13:00,2024-09-16,中山,7,6,6,2022104926,アップリンク,牝2,55,01170,横山武史,1:51.2,2.1/2,10-10-8-8,34.7,32.1,6,432(0),01165,[東]和田勇介,506800,シルクレーシング,
202406040506,6,2歳新馬,芝,1800,曇,良,13:00,2024-09-16,中山,8,2,2,2022101382,エレレラナキラ,牡2,55,01162,木幡巧也,1:51.6,2.1/2,7-6-5-7,35.6,38.8,7,432(0),01106,[東]牧光二,676031,丹羽裕正,
202406040506,6,2歳新馬,芝,1800,曇,良,13:00,2024-09-16,中山,9,6,7,2022106792,コスモアチーブ,牡2,55,01178,斎藤新,1:51.9,1.3/4,5-6-8-8,35.5,48.5,9,462(0),01020,[東]相沢郁,716800,ビッグレッドファーム,
202406040506,6,2歳新馬,芝,1800,曇,良,13:00,2024-09-16,中山,10,8,10,2022106805,パルファム,牝2,55,01091,丹内祐次,1:52.1,1.1/4,10-10-11-10,35.0,74.6,11,448(0),01052,[東]菊川正達,546800,サラブレッドクラブ・ラフィアン,
202406040506,6,2歳新馬,芝,1800,曇,良,13:00,2024-09-16,中山,11,7,9,2022105498,グレースシャルマン,牝2,55,01179,菅原明良,1:52.2,3/4,7-9-10-10,35.4,39.1,8,438(0),01146,[西]奥村豊,755033,会田浩史,
202406040507,7,3歳以上1勝クラス,ダ,1800,曇,良,13:30,2024-09-16,中山,1,5,5,2021105788,バロネッサ,牝3,53,05386,戸崎圭太,1:54.1,,3-3-3-3,39.2,2.4,1,504(+2),01162,[東]田中博康,486800,キャロットファーム,800.0
202406040507,7,3歳以上1勝クラス,ダ,1800,曇,良,13:30,2024-09-16,中山,2,1,1,2021101727,ピコニ,牡3,55,01162,木幡巧也,1:55.0,5,1-1-1-1,40.7,4.0,2,498(+2),01106,[東]牧光二,852031,石部高史,320.0
202406040507,7,3歳以上1勝クラス,ダ,1800,曇,良,13:30,2024-09-16,中山,3,8,11,2021105182,ドバイブルース,牡3,55,01092,津村明秀,1:55.1,1,4-6-5-4,40.0,4.2,3,504(+10),01059,[東]加藤征弘,032030,加藤正二郎,200.0
202406040507,7,3歳以上1勝クラス,ダ,1800,曇,良,13:30,2024-09-16,中山,4,6,7,2020103676,ミラクルキャッツ,牝4,56,01197,佐々木大,1:55.4,1.3/4,4-4-5-4,40.3,31.7,6,466(+2),01070,[東]堀宣行,506800,シルクレーシング,120.0
202406040507,7,3歳以上1勝クラス,ダ,1800,曇,良,13:30,2024-09-16,中山,5,3,3,2020102792,エッグスラット,牡4,58,01161,菊沢一樹,1:55.5,クビ,10-10-10-9,39.4,32.7,7,500(+2),01108,[東]矢野英一,808800,Ｇ１レーシング,80.0
202406040507,7,3歳以上1勝クラス,ダ,1800,曇,良,13:30,2024-09-16,中山,6,7,9,2021102797,フィリップ,牡3,55,01091,丹内祐次,1:55.6,1,2-2-2-2,41.2,42.7,8,482(-5),01051,[東]岩戸孝樹,716800,ビッグレッドファーム,
202406040507,7,3歳以上1勝クラス,ダ,1800,曇,良,13:30,2024-09-16,中山,7,7,8,2020105498,キタノチェロキー,牝4,56,01009,柴田大知,1:55.7,クビ,7-7-7-7,40.1,230.5,11,472(+12),01096,[東]粕谷昌央,163002,北所直人,
202406040507,7,3歳以上1勝クラス,ダ,1800,曇,良,13:30,2024-09-16,中山,8,8,10,2020102347,ナイトスピアー,牡4,58,01140,横山和生,1:56.4,4,8-8-7-7,40.8,134.4,10,486(-6),01125,[東]小野次郎,997031,ＩＺＵＲＵジャパン,
202406040507,7,3歳以上1勝クラス,ダ,1800,曇,良,13:30,2024-09-16,中山,9,2,2,2021105432,ダイオジェナイト,牡3,55,05203,岩田康誠,1:56.5,1/2,4-4-3-6,41.5,7.5,4,434(-6),01167,[東]稲垣幸雄,486800,キャロットファーム,
202406040507,7,3歳以上1勝クラス,ダ,1800,曇,良,13:30,2024-09-16,中山,10,6,6,2021103500,レボルシオン,牡3,55,01179,菅原明良,1:58.1,10,8-8-10-10,42.0,15.0,5,516(0),01191,[東]蛯名正義,098803,Ｇリビエール・レーシング,
202406040507,7,3歳以上1勝クラス,ダ,1800,曇,良,13:30,2024-09-16,中山,11,4,4,2020104797,フルラインナップ,セ4,58,05212,Ｍ．デム,2:08.2,大,11-10-9-11,52.2,73.8,9,448(0),01068,[東]小島茂之,011008,平田修,
202406040508,8,3歳以上1勝クラス,ダ,2400,曇,良,14:00,2024-09-16,中山,1,1,1,2021105692,ニューバラード,牡3,55,05339,ルメール,2:37.6,,2-2-1-2,38.9,3.0,1,512(+6),01103,[東]尾関知人,506800,シルクレーシング,800.0
202406040508,8,3歳以上1勝クラス,ダ,2400,曇,良,14:00,2024-09-16,中山,2,5,5,2021101356,マコタイガ,牡3,55,01140,横山和生,2:38.0,2.1/2,5-5-4-4,38.9,12.8,6,512(+4),01125,[東]小野次郎,903031,矢野琢也,320.0
202406040508,8,3歳以上1勝クラス,ダ,2400,曇,良,14:00,2024-09-16,中山,3,7,9,2021101147,グロバーテソーロ,牡3,55,01179,菅原明良,2:38.2,3/4,1-1-2-1,39.5,3.7,2,502(-2),01088,[東]高木登,089803,了徳寺健二ホールディングス,200.0
202406040508,8,3歳以上1勝クラス,ダ,2400,曇,良,14:00,2024-09-16,中山,4,2,2,2020104452,マウンテンエース,牡4,58,01127,丸山元気,2:38.4,1.1/4,10-10-2-3,39.7,7.5,3,498(0),01143,[東]和田雄二,772002,西村新一郎,120.0
202406040508,8,3歳以上1勝クラス,ダ,2400,曇,良,14:00,2024-09-16,中山,5,8,12,2021100409,エアロソニック,牡3,53,01205,小林勝太,2:39.1,4,3-3-4-5,40.0,46.9,9,542(-2),01179,[東]鈴木慎太,188800,ＹＧＧホースクラブ,80.0
202406040508,8,3歳以上1勝クラス,ダ,2400,曇,良,14:00,2024-09-16,中山,6,6,8,2021104974,ヒットアンドロール,牡3,52,01203,石田拓郎,2:39.1,アタマ,11-11-6-6,39.8,53.5,11,442(+2),00420,[東]宗像義忠,960006,薗部博之,
202406040508,8,3歳以上1勝クラス,ダ,2400,曇,良,14:00,2024-09-16,中山,7,7,10,2020102594,ユアフラッシュ,牝4,53,01195,川端海翼,2:39.5,2,3-3-6-6,40.2,10.6,5,452(-16),01183,[西]辻野泰之,808800,Ｇ１レーシング,
202406040508,8,3歳以上1勝クラス,ダ,2400,曇,良,14:00,2024-09-16,中山,8,4,4,2020102864,サングラデーション,牡4,58,01197,佐々木大,2:39.6,1/2,5-5-9-9,40.0,15.5,7,426(-6),01199,[東]千葉直人,415800,社台レースホース,
202406040508,8,3歳以上1勝クラス,ダ,2400,曇,良,14:00,2024-09-16,中山,9,3,3,2020102805,クロックフォード,セ4,58,01162,木幡巧也,2:39.8,1,7-7-6-8,40.4,10.5,4,492(+4),01112,[東]田島俊明,415800,社台レースホース,
202406040508,8,3歳以上1勝クラス,ダ,2400,曇,良,14:00,2024-09-16,中山,10,8,11,2020104670,ブロンディール,牝4,56,00422,内田博幸,2:39.9,1/2,7-7-10-11,40.1,48.4,10,486(+10),01174,[東]深山雅史,852030,佐々木雄二,
202406040508,8,3歳以上1勝クラス,ダ,2400,曇,良,14:00,2024-09-16,中山,11,6,7,2019104882,エミサソウツバサ,牡5,58,01188,永野猛蔵,2:40.4,3.1/2,7-7-10-10,40.7,16.0,8,506(-20),01178,[西]杉山佳明,192031,亀岡和彦,
202406040508,8,3歳以上1勝クラス,ダ,2400,曇,良,14:00,2024-09-16,中山,12,5,6,2021101065,リヴィングカラー,牝3,53,01091,丹内祐次,2:41.2,5,12-11-12-12,41.1,197.0,12,394(-14),01076,[東]小笠倫弘,148800,グリーンファーム,
202406040509,9,鋸山特別(2勝),ダ,1800,曇,良,14:35,2024-09-16,中山,1,7,14,2021110127,テリフィックプラン,牡3,55,05339,ルメール,1:53.8,,7-7-6-5,38.6,1.8,1,492(0),01017,[東]萩原清,506800,シルクレーシング,"1,592.0"
202406040509,9,鋸山特別(2勝),ダ,1800,曇,良,14:35,2024-09-16,中山,2,5,9,2021103306,コトホドサヨウニ,牡3,55,01197,佐々木大,1:54.1,2,3-3-4-4,39.1,3.2,2,500(+6),01146,[西]奥村豊,320030,幅田京子,632.0
202406040509,9,鋸山特別(2勝),ダ,1800,曇,良,14:35,2024-09-16,中山,3,8,15,2019104467,トーセンクライスト,牡5,58,01117,丸田恭介,1:54.9,5,12-12-9-8,39.5,17.4,3,516(-4),00420,[東]宗像義忠,270006,島川隆哉,396.0
202406040509,9,鋸山特別(2勝),ダ,1800,曇,良,14:35,2024-09-16,中山,4,2,4,2019105330,パーサヴィアランス,牡5,58,01122,三浦皇成,1:55.0,3/4,10-10-9-5,39.6,43.6,9,466(+16),01148,[西]西村真幸,431002,馬場幸夫,230.0
202406040509,9,鋸山特別(2勝),ダ,1800,曇,良,14:35,2024-09-16,中山,5,3,5,2019105336,ライラスター,セ5,58,05203,岩田康誠,1:55.0,ハナ,9-9-1-1,40.3,19.1,5,474(0),01201,[東]森一誠,486800,キャロットファーム,155.0
202406040509,9,鋸山特別(2勝),ダ,1800,曇,良,14:35,2024-09-16,中山,6,6,12,2019102341,サイモンソーラン,牡5,58,01184,原優介,1:55.1,1/2,13-12-13-13,39.2,18.4,4,480(+2),01047,[東]勢司和浩,132030,澤田昭紀,
202406040509,9,鋸山特別(2勝),ダ,1800,曇,良,14:35,2024-09-16,中山,7,4,7,2017105895,イルミネーター,牡7,58,01133,水口優也,1:55.2,1/2,15-15-13-10,39.3,72.2,11,482(+4),01091,[西]羽月友彦,055700,グリーンスウォード,
202406040509,9,鋸山特別(2勝),ダ,1800,曇,良,14:35,2024-09-16,中山,8,1,2,2020105361,エリンアキレウス,牡4,58,01091,丹内祐次,1:55.3,1/2,15-15-16-14,39.1,121.5,13,534(-8),01080,[東]清水英克,855030,田頭勇貴,
202406040509,9,鋸山特別(2勝),ダ,1800,曇,良,14:35,2024-09-16,中山,9,6,11,2021107266,スプレーフォール,牡3,55,01150,石川裕紀,1:55.5,3/4,10-10-11-9,39.8,33.8,7,442(0),01020,[東]相沢郁,078006,畑佐博,
202406040509,9,鋸山特別(2勝),ダ,1800,曇,良,14:35,2024-09-16,中山,10,4,8,2019103346,イスカンダル,セ5,58,01183,小林脩斗,1:56.3,5,13-14-11-14,40.6,235.9,15,468(-2),01064,[東]武藤善則,855030,田頭勇貴,
202406040509,9,鋸山特別(2勝),ダ,1800,曇,良,14:35,2024-09-16,中山,11,2,3,2020101873,グラシアス,牡4,58,01127,丸山元気,1:56.5,1.1/2,7-7-13-10,40.6,325.7,16,460(+10),01153,[東]中舘英二,775006,瀬谷隆雄,
202406040509,9,鋸山特別(2勝),ダ,1800,曇,良,14:35,2024-09-16,中山,12,7,13,2020100060,オセアバトルプラン,牡4,58,01170,横山武史,1:56.5,アタマ,6-5-4-5,41.4,31.6,6,488(+2),01052,[東]菊川正達,266031,ＸＩＡＯジャパン,
202406040509,9,鋸山特別(2勝),ダ,1800,曇,良,14:35,2024-09-16,中山,13,3,6,2020101811,ササヤキ,セ4,58,01009,柴田大知,1:57.0,3,3-3-6-10,41.8,59.9,10,502(-30),01119,[東]田中剛,003060,ゴドルフィン,
202406040509,9,鋸山特別(2勝),ダ,1800,曇,良,14:35,2024-09-16,中山,14,1,1,2019101330,アイファーグローブ,牡5,58,01181,秋山稔樹,1:57.5,3,2-2-2-2,42.8,90.9,12,474(+4),01131,[東]蛯名利弘,119007,中島稔,
202406040509,9,鋸山特別(2勝),ダ,1800,曇,良,14:35,2024-09-16,中山,15,5,10,2020110065,キュピドン,牡4,58,00666,武豊,1:58.4,5,3-5-6-14,43.1,37.4,8,508(-6),00427,[西]森秀行,117031,前田幸貴,
202406040509,9,鋸山特別(2勝),ダ,1800,曇,良,14:35,2024-09-16,中山,16,8,16,2020101508,ジャックパール,牡4,58,01205,小林勝太,1:58.5,1/2,1-1-2-2,43.8,157.6,14,460(+6),01179,[東]鈴木慎太,838030,吉川朋宏,
202406040510,10,習志野特別(2勝),芝,2000,曇,良,15:10,2024-09-16,中山,1,5,5,2021106782,コスモブッドレア,牡3,55,01170,横山武史,1:59.3,,2-2-2-2,34.8,2.0,1,486(+2),01125,[東]小野次郎,716800,ビッグレッドファーム,"1,573.8"
202406040510,10,習志野特別(2勝),芝,2000,曇,良,15:10,2024-09-16,中山,2,1,1,2016102550,シュブリーム,牡8,58,01188,永野猛蔵,1:59.6,2,1-1-1-1,35.8,196.4,9,484(-4),01124,[東]大和田成,290006,栗坂崇,626.8
202406040510,10,習志野特別(2勝),芝,2000,曇,良,15:10,2024-09-16,中山,3,4,4,2020103205,フロムナウオン,牡4,58,01092,津村明秀,1:59.9,2,3-4-3-3,35.0,20.7,6,540(+8),01038,[東]手塚貴久,011008,平田修,393.4
202406040510,10,習志野特別(2勝),芝,2000,曇,良,15:10,2024-09-16,中山,4,3,3,2020105789,ヴァイルマティ,牝4,56,01091,丹内祐次,2:00.0,クビ,8-8-7-7,34.7,10.2,4,498(-16),01097,[東]鹿戸雄一,546800,サラブレッドクラブ・ラフィアン,230.0
202406040510,10,習志野特別(2勝),芝,2000,曇,良,15:10,2024-09-16,中山,5,7,8,2020106475,ピンキープロミス,牡4,58,01162,木幡巧也,2:00.2,1.1/4,9-9-9-7,34.5,27.7,7,470(-6),01048,[東]畠山吉宏,716800,ビッグレッドファーム,155.0
202406040510,10,習志野特別(2勝),芝,2000,曇,良,15:10,2024-09-16,中山,6,7,7,2021105675,マーシャルポイント,牡3,55,05339,ルメール,2:00.3,クビ,6-6-6-6,35.1,3.0,2,476(0),01126,[東]木村哲也,226800,サンデーレーシング,
202406040510,10,習志野特別(2勝),芝,2000,曇,良,15:10,2024-09-16,中山,7,2,2,2018105047,ホウオウサンデー,牡6,58,01075,田辺裕信,2:00.7,2.1/2,10-10-10-7,34.9,17.6,5,472(+4),01145,[東]奥村武,906033,小笹芳央,
202406040510,10,習志野特別(2勝),芝,2000,曇,良,15:10,2024-09-16,中山,8,8,9,2021100143,メルトユアハート,牝3,53,01140,横山和生,2:01.1,2,3-4-3-4,36.2,8.1,3,500(+8),01173,[西]長谷川浩,170800,ロードホースクラブ,
202406040510,10,習志野特別(2勝),芝,2000,曇,良,15:10,2024-09-16,中山,9,6,6,2019103584,オラヴェリタス,牡5,58,01127,丸山元気,2:01.1,アタマ,3-3-3-4,36.3,228.5,10,518(+6),00417,[東]土田稔,053803,杉山忠国,
202406040510,10,習志野特別(2勝),芝,2000,曇,良,15:10,2024-09-16,中山,10,8,10,2018102148,マイネルダグラス,牡6,58,01150,石川裕紀,2:02.2,7,6-7-7-10,36.9,146.5,8,512(0),01020,[東]相沢郁,546800,サラブレッドクラブ・ラフィアン,
202406040511,11,第78回朝日セントライト記念(GII),芝,2200,曇,良,15:45,2024-09-16,中山,1,1,1,2021105436,アーバンシック,牡3,57,05339,ルメール,2:11.6,,9-6-5-7,34.0,3.1,2,510(-2),01147,[東]武井亮,506800,シルクレーシング,"5,498.0"
202406040511,11,第78回朝日セントライト記念(GII),芝,2200,曇,良,15:45,2024-09-16,中山,2,5,8,2021106787,コスモキュランダ,牡3,57,05212,Ｍ．デム,2:11.9,1.3/4,9-10-7-3,34.2,2.9,1,504(+2),01169,[東]加藤士津,716800,ビッグレッドファーム,"2,228.0"
202406040511,11,第78回朝日セントライト記念(GII),芝,2200,曇,良,15:45,2024-09-16,中山,3,4,6,2021101436,エコロヴァルツ,牡3,57,05203,岩田康誠,2:12.3,2.1/2,1-2-2-2,35.0,6.8,3,484(-2),01113,[西]牧浦充徳,783033,原村正紀,"1,414.0"
202406040511,11,第78回朝日セントライト記念(GII),芝,2200,曇,良,15:45,2024-09-16,中山,4,6,10,2021106595,ヤマニンアドホック,牡3,57,01092,津村明秀,2:12.4,1/2,2-1-1-1,35.4,10.3,4,456(+2),01182,[東]辻哲英,329004,土井肇,810.0
202406040511,11,第78回朝日セントライト記念(GII),芝,2200,曇,良,15:45,2024-09-16,中山,5,7,12,2021105829,スティンガーグラス,牡3,57,00666,武豊,2:12.7,2,13-13-9-9,34.6,10.7,5,468(-2),01126,[東]木村哲也,199031,エムズレーシング,540.0
202406040511,11,第78回朝日セントライト記念(GII),芝,2200,曇,良,15:45,2024-09-16,中山,6,6,9,2021105236,アスクカムオンモア,牡3,57,05386,戸崎圭太,2:12.9,1,6-6-7-8,35.1,12.4,6,488(0),01055,[西]藤原英昭,037803,廣崎利洋ＨＤ,
202406040511,11,第78回朝日セントライト記念(GII),芝,2200,曇,良,15:45,2024-09-16,中山,7,8,14,2021105272,タンゴバイラリン,牡3,57,01179,菅原明良,2:13.1,1.1/4,3-2-3-5,35.6,75.7,9,506(0),01127,[東]栗田徹,518002,山田弘,
202406040511,11,第78回朝日セントライト記念(GII),芝,2200,曇,良,15:45,2024-09-16,中山,8,7,11,2021105155,パンジャ,牡3,57,01205,小林勝太,2:13.2,クビ,11-12-10-9,34.9,200.4,14,474(+6),01132,[東]金成貴史,374803,ＤｅｅｐＣｒｅｅｋ,
202406040511,11,第78回朝日セントライト記念(GII),芝,2200,曇,良,15:45,2024-09-16,中山,9,2,2,2021106548,タガノデュード,牡3,57,01091,丹内祐次,2:13.2,アタマ,3-4-3-3,35.8,84.5,10,472(-16),01018,[西]宮徹,859002,八木良司,
202406040511,11,第78回朝日セントライト記念(GII),芝,2200,曇,良,15:45,2024-09-16,中山,10,5,7,2021105662,ログラール,牡3,57,01102,北村友一,2:13.3,3/4,11-10-13-13,34.8,98.0,11,474(+4),01092,[西]松永幹夫,486800,キャロットファーム,
202406040511,11,第78回朝日セントライト記念(GII),芝,2200,曇,良,15:45,2024-09-16,中山,11,3,3,2021103976,エコロレイズ,牡3,57,01140,横山和生,2:13.5,1.1/4,5-5-5-5,35.9,39.7,8,508(+8),01051,[東]岩戸孝樹,783033,原村正紀,
202406040511,11,第78回朝日セントライト記念(GII),芝,2200,曇,良,15:45,2024-09-16,中山,12,3,4,2021105040,ルカランフィースト,牡3,57,01170,横山武史,2:13.8,1.1/2,6-8-10-11,35.6,22.3,7,470(+2),01097,[東]鹿戸雄一,415800,社台レースホース,
202406040511,11,第78回朝日セントライト記念(GII),芝,2200,曇,良,15:45,2024-09-16,中山,13,8,13,2021105212,アスクハッピーモア,牡3,57,01075,田辺裕信,2:14.0,1.1/4,13-13-14-13,35.4,127.7,12,526(0),01027,[東]田村康仁,037803,廣崎利洋ＨＤ,
202406040511,11,第78回朝日セントライト記念(GII),芝,2200,曇,良,15:45,2024-09-16,中山,14,4,5,2021110090,サルヴェージワーク,牡3,57,01197,佐々木大,2:14.1,3/4,6-9-10-11,35.9,155.3,13,532(+18),01027,[東]田村康仁,415800,社台レースホース,
202406040512,12,3歳以上1勝クラス,ダ,1200,曇,良,16:30,2024-09-16,中山,1,8,16,2021104283,ノーブルゲイル,牡3,56,01122,三浦皇成,1:11.6,,3-2,37.6,2.3,1,480(+10),01081,[東]中川公成,755030,吉木伸彦,800.0
202406040512,12,3歳以上1勝クラス,ダ,1200,曇,良,16:30,2024-09-16,中山,2,4,7,2020105277,コスモジョセフ,牡4,58,01091,丹内祐次,1:11.9,2,6-4,37.5,17.8,5,490(+4),01109,[東]伊藤大士,716800,ビッグレッドファーム,320.0
202406040512,12,3歳以上1勝クラス,ダ,1200,曇,良,16:30,2024-09-16,中山,3,5,10,2021103894,ファンユー,牝3,51,01209,石神深道,1:12.0,クビ,2-2,38.2,28.6,8,484(-2),01077,[東]加藤和宏,853030,小原準一郎,200.0
202406040512,12,3歳以上1勝クラス,ダ,1200,曇,良,16:30,2024-09-16,中山,4,3,6,2020103710,ホウオウジュビリー,牝4,56,01117,丸田恭介,1:12.0,クビ,6-7,37.7,9.3,4,468(-6),01187,[東]西田雄一,906033,小笹芳央,120.0
202406040512,12,3歳以上1勝クラス,ダ,1200,曇,良,16:30,2024-09-16,中山,5,1,1,2019107007,パワポケビー,牝5,56,01092,津村明秀,1:12.1,1/2,1-1,38.9,27.7,7,494(-4),01202,[東]矢嶋大樹,302033,柳原達也,80.0
202406040512,12,3歳以上1勝クラス,ダ,1200,曇,良,16:30,2024-09-16,中山,6,4,8,2021102371,クインズポラリス,牝3,54,00733,吉田豊,1:12.2,クビ,9-9,37.2,3.8,2,478(-2),00423,[東]上原博之,331803,ケイアイスタリオン,
202406040512,12,3歳以上1勝クラス,ダ,1200,曇,良,16:30,2024-09-16,中山,7,2,4,2021103129,マリンバンカー,牡3,56,00726,岩部純二,1:12.2,クビ,11-9,37.1,8.5,3,492(+6),00437,[東]南田美知,528033,Ｍｒ．ホース,
202406040512,12,3歳以上1勝クラス,ダ,1200,曇,良,16:30,2024-09-16,中山,8,1,2,2021103588,グラスブランシュ,牝3,54,01162,木幡巧也,1:12.3,1/2,11-12,37.1,31.4,9,450(-10),01100,[東]松山将樹,541800,半沢,
202406040512,12,3歳以上1勝クラス,ダ,1200,曇,良,16:30,2024-09-16,中山,9,8,15,2019102736,イルザ,牝5,56,01096,大野拓弥,1:12.6,1.1/2,14-13,37.2,38.5,10,472(+4),01171,[東]小手川準,646030,中辻明,
202406040512,12,3歳以上1勝クラス,ダ,1200,曇,良,16:30,2024-09-16,中山,10,3,5,2021103370,エコロセブン,牡3,54,01164,藤田菜七,1:12.6,クビ,8-8,38.1,46.0,11,506(+6),01029,[東]根本康広,783033,原村正紀,
202406040512,12,3歳以上1勝クラス,ダ,1200,曇,良,16:30,2024-09-16,中山,11,7,13,2019105420,シウン,牝5,56,01161,菊沢一樹,1:12.7,クビ,11-13,37.6,134.3,14,470(-4),01108,[東]矢野英一,098803,Ｇリビエール・レーシング,
202406040512,12,3歳以上1勝クラス,ダ,1200,曇,良,16:30,2024-09-16,中山,12,6,11,2019107032,サリーチャン,牝5,56,01177,小林凌大,1:12.7,ハナ,9-9,37.8,201.9,15,464(-4),01043,[東]石栗龍彦,781002,栗山道郎,
202406040512,12,3歳以上1勝クラス,ダ,1200,曇,良,16:30,2024-09-16,中山,13,7,14,2018101198,タイセイアーメット,牡6,57,01184,原優介,1:12.7,クビ,14-13,37.3,106.1,13,490(0),01156,[東]青木孝文,224007,田中成奉,
202406040512,12,3歳以上1勝クラス,ダ,1200,曇,良,16:30,2024-09-16,中山,14,5,9,2019102469,ダイチラファール,牡5,58,01009,柴田大知,1:12.9,1.1/4,4-4,38.7,26.4,6,456(-4),01096,[東]粕谷昌央,921031,服部英利,
202406040512,12,3歳以上1勝クラス,ダ,1200,曇,良,16:30,2024-09-16,中山,15,2,3,2020104132,スーパーリベロ,セ4,58,01188,永野猛蔵,1:13.6,4,4-4,39.4,67.5,12,470(+18),01023,[東]伊藤圭三,530033,星野隆男,
202406040512,12,3歳以上1勝クラス,ダ,1200,曇,良,16:30,2024-09-16,中山,16,6,12,2017104773,オルガンザ,牡7,58,01109,黛弘人,1:14.9,8,16-16,38.9,211.1,16,524(-6),01189,[東]堀内岳志,657033,鈴木史郎,
202407030501,1,2歳未勝利,ダ,1400,晴,稍重,09:50,2024-09-16,中京,1,4,4,2022100416,ヴァカンツァ,牝2,54,01186,角田大和,1:25.9,,1-1,37.5,3.1,1,468(-2),01136,[西]高橋亮,045803,カナヤマホールディングス,550.0
202407030501,1,2歳未勝利,ダ,1400,晴,稍重,09:50,2024-09-16,中京,2,8,9,2022104165,インマイブラッド,牝2,55,01180,団野大成,1:27.1,7,6-6,38.3,18.8,8,426(-2),01069,[西]中尾秀正,669007,飯田良枝,220.0
202407030501,1,2歳未勝利,ダ,1400,晴,稍重,09:50,2024-09-16,中京,3,7,8,2022101595,ナムラピノコ,牝2,55,00732,幸英明,1:27.4,1.3/4,6-7,38.5,6.1,3,430(-2),01111,[西]鈴木孝志,972002,奈村睦弘,140.0
202407030501,1,2歳未勝利,ダ,1400,晴,稍重,09:50,2024-09-16,中京,4,8,10,2022106007,リリードリーマー,牝2,53,01187,永島まな,1:27.4,アタマ,3-5,38.7,13.8,6,450(+6),01082,[西]平田修,862006,土井孝夫,83.0
202407030501,1,2歳未勝利,ダ,1400,晴,稍重,09:50,2024-09-16,中京,5,1,1,2022102208,テーオーテバルディ,牝2,55,01126,松山弘平,1:27.5,3/4,2-2,39.0,7.5,4,442(0),01200,[西]藤野健太,304008,小笹公也,55.0
202407030501,1,2歳未勝利,ダ,1400,晴,稍重,09:50,2024-09-16,中京,6,6,6,2022101499,ロワン,牝2,52,01213,高杉吏麒,1:27.7,1.1/4,3-2,39.1,10.0,5,418(-8),01159,[西]高柳大輔,069034,白井さゆり,
202407030501,1,2歳未勝利,ダ,1400,晴,稍重,09:50,2024-09-16,中京,7,5,5,2022102116,クリノモノリス,牝2,55,01130,高倉稜,1:27.7,クビ,8-9,38.6,27.3,9,444(0),01087,[西]庄野靖志,116034,栗本依利子,
202407030501,1,2歳未勝利,ダ,1400,晴,稍重,09:50,2024-09-16,中京,8,3,3,2022105800,アニラ,牝2,52,01216,吉村誠之,1:27.8,3/4,8-8,38.7,18.1,7,442(+6),01149,[西]松下武士,506800,シルクレーシング,
202407030501,1,2歳未勝利,ダ,1400,晴,稍重,09:50,2024-09-16,中京,9,2,2,2022104603,モーリシャスアロマ,牝2,55,01157,鮫島克駿,1:30.2,大,3-2,41.6,4.0,2,462(-6),01172,[西]新谷功一,350031,フォレストレーシング,
202407030501,1,2歳未勝利,ダ,1400,晴,稍重,09:50,2024-09-16,中京,10,7,7,2022104112,スイングムスメ,牝2,54,01182,泉谷楓真,1:32.9,大,10-10,40.6,72.6,10,424(+4),01107,[西]村山明,772002,西村新一郎,
202407030502,2,2歳未勝利,ダ,1800,晴,稍重,10:25,2024-09-16,中京,1,4,4,2022103882,パワーストーン,牝2,52,01212,柴田裕一,1:55.7,,9-9-7-7,38.4,44.9,7,468(+4),01039,[西]中竹和也,370008,岡浩二,550.0
202407030502,2,2歳未勝利,ダ,1800,晴,稍重,10:25,2024-09-16,中京,2,8,10,2022105791,ブルックリンダンス,牡2,55,01176,亀田温心,1:55.9,1.1/2,6-6-4-4,39.5,3.2,2,480(-8),01180,[西]田中克典,506800,シルクレーシング,220.0
202407030502,2,2歳未勝利,ダ,1800,晴,稍重,10:25,2024-09-16,中京,3,6,6,2022100333,タケルハーロック,牡2,55,01126,松山弘平,1:56.0,3/4,3-5-5-5,39.0,2.8,1,490(0),01159,[西]高柳大輔,748009,森保彦,140.0
202407030502,2,2歳未勝利,ダ,1800,晴,稍重,10:25,2024-09-16,中京,4,7,7,2022102752,ポセイドンバローズ,牡2,55,01032,池添謙一,1:56.2,3/4,3-2-2-2,40.0,7.5,4,470(+4),01166,[西]石坂公一,859007,猪熊広次,83.0
202407030502,2,2歳未勝利,ダ,1800,晴,稍重,10:25,2024-09-16,中京,5,3,3,2022106179,ブライトイメル,牡2,55,00732,幸英明,1:56.2,ハナ,1-1-1-1,40.1,4.5,3,424(0),01099,[西]本田優,334803,ケーエスＨＤ,55.0
202407030502,2,2歳未勝利,ダ,1800,晴,稍重,10:25,2024-09-16,中京,6,7,8,2022104311,ヤングアメリカンズ,牡2,54,01185,小沢大仁,1:56.3,1/2,7-7-2-2,40.0,14.8,5,488(-2),01146,[西]奥村豊,857800,ビリオンスター,
202407030502,2,2歳未勝利,ダ,1800,晴,稍重,10:25,2024-09-16,中京,7,2,2,2022101273,シャドーストライク,牡2,52,01216,吉村誠之,1:57.5,7,10-10-9-8,39.1,68.8,9,470(-4),01181,[西]茶木太樹,616030,水谷昌晃,
202407030502,2,2歳未勝利,ダ,1800,晴,稍重,10:25,2024-09-16,中京,8,5,5,2022106500,コックリサン,牝2,55,01153,木幡初也,1:57.6,1/2,3-2-5-5,40.6,55.0,8,424(0),01174,[東]深山雅史,044803,由井健太郎,
202407030502,2,2歳未勝利,ダ,1800,晴,稍重,10:25,2024-09-16,中京,9,8,9,2022102055,スマートシエラ,牝2,52,01213,高杉吏麒,1:58.2,4,2-2-8-8,40.1,15.0,6,436(+6),01002,[西]音無秀孝,007803,大川徹,
202407030502,2,2歳未勝利,ダ,1800,晴,稍重,10:25,2024-09-16,中京,10,1,1,2022101957,ポルトセグロ,牡2,55,01018,和田竜二,2:01.2,大,7-7-9-10,42.8,176.3,10,474(0),01101,[西]吉田直弘,820009,鈴木義孝,
202407030503,3,2歳未勝利,芝,2000,晴,良,10:55,2024-09-16,中京,1,5,5,2022104804,サトノクローザー,牡2,55,01174,岩田望来,2:01.5,,4-5-6-7,35.4,1.9,1,518(0),01061,[西]友道康夫,790031,里見治,550.0
202407030503,3,2歳未勝利,芝,2000,晴,良,10:55,2024-09-16,中京,2,6,8,2022104879,テーオーシュタイン,牡2,55,01015,古川吉洋,2:01.5,クビ,10-10-11-12,34.7,12.2,5,460(+6),01084,[西]梅田智之,304008,小笹公也,220.0
202407030503,3,2歳未勝利,芝,2000,晴,良,10:55,2024-09-16,中京,3,1,1,2022110066,ラージギャラリー,牝2,55,01157,鮫島克駿,2:01.6,1/2,2-2-2-2,35.8,10.2,4,468(+6),01136,[西]高橋亮,245030,前田葉子,140.0
202407030503,3,2歳未勝利,芝,2000,晴,良,10:55,2024-09-16,中京,4,7,9,2022105322,ホウオウレイヴン,牡2,55,01125,国分優作,2:01.7,1/2,10-10-8-7,35.5,7.5,3,464(-2),01075,[西]矢作芳人,906033,小笹芳央,83.0
202407030503,3,2歳未勝利,芝,2000,晴,良,10:55,2024-09-16,中京,5,3,3,2022106343,ルージュシークエル,牝2,55,01171,西村淳也,2:01.9,1,5-3-5-4,36.0,4.1,2,496(+4),01166,[西]石坂公一,180800,東京ホースレーシング,55.0
202407030503,3,2歳未勝利,芝,2000,晴,良,10:55,2024-09-16,中京,6,4,4,2022105436,ノボリディアマン,牡2,55,00732,幸英明,2:02.3,2.1/2,6-5-4-4,36.3,16.1,6,442(+4),01193,[西]緒方努,945006,原田豊,
202407030503,3,2歳未勝利,芝,2000,晴,良,10:55,2024-09-16,中京,7,6,7,2022107149,ヴォラヴィア,牡2,55,01166,川又賢治,2:02.9,3.1/2,8-8-6-4,36.9,263.5,12,448(+2),01178,[西]杉山佳明,830033,巴山尊文,
202407030503,3,2歳未勝利,芝,2000,晴,良,10:55,2024-09-16,中京,8,2,2,2022102639,ロードシュヴァリエ,牡2,54,01200,西塚洸二,2:03.3,2.1/2,6-5-8-9,36.8,73.4,8,484(+8),01142,[西]森田直行,170800,ロードホースクラブ,
202407030503,3,2歳未勝利,芝,2000,晴,良,10:55,2024-09-16,中京,9,8,12,2022106180,シャインバオバブ,牡2,55,01018,和田竜二,2:03.4,3/4,3-3-2-2,37.6,43.4,7,490(-12),01099,[西]本田優,337031,吉岡輝美,
202407030503,3,2歳未勝利,芝,2000,晴,良,10:55,2024-09-16,中京,10,8,11,2022100566,エイシンナザレ,牝2,55,01180,団野大成,2:03.7,1.3/4,8-8-10-10,37.1,154.5,11,438(-2),01069,[西]中尾秀正,785800,栄進堂,
202407030503,3,2歳未勝利,芝,2000,晴,良,10:55,2024-09-16,中京,11,7,10,2022100275,キッシングセーラー,牝2,51,01204,河原田菜,2:04.0,1.3/4,12-12-11-10,37.4,108.2,10,412(-2),01193,[西]緒方努,030803,コスモヴューファーム,
202407030503,3,2歳未勝利,芝,2000,晴,良,10:55,2024-09-16,中京,12,5,6,2022106852,エイユーサブリナ,牝2,55,01138,藤懸貴志,2:04.3,1.1/2,1-1-1-1,38.7,103.7,9,450(-10),01129,[西]高橋義忠,529002,笹部義則,
202407030504,4,2歳新馬,ダ,1400,晴,稍重,11:25,2024-09-16,中京,1,1,1,2022105170,ミリアッドラヴ,牝2,55,01171,西村淳也,1:23.9,,2-2,36.7,4.9,3,470(0),01172,[西]新谷功一,277031,白石明日香,720.0
202407030504,4,2歳新馬,ダ,1400,晴,稍重,11:25,2024-09-16,中京,2,3,4,2022100623,ダノンフィーゴ,牡2,55,01174,岩田望来,1:24.0,1/2,3-3,36.6,3.9,2,460(0),01061,[西]友道康夫,619800,ダノックス,290.0
202407030504,4,2歳新馬,ダ,1400,晴,稍重,11:25,2024-09-16,中京,3,3,3,2022110074,タヴァネスタン,牡2,55,01093,藤岡佑介,1:26.2,大,10-9,37.8,3.5,1,470(0),01062,[西]藤岡健一,948006,前田幸治,180.0
202407030504,4,2歳新馬,ダ,1400,晴,稍重,11:25,2024-09-16,中京,4,5,7,2022105965,ドンパッショーネ,牡2,55,01032,池添謙一,1:27.6,9,6-6,40.0,8.3,5,538(0),01151,[西]斉藤崇史,869031,ＫＯＪＩＭＡレーシング,110.0
202407030504,4,2歳新馬,ダ,1400,晴,稍重,11:25,2024-09-16,中京,5,4,6,2022101180,フェアリーブルー,牝2,55,01126,松山弘平,1:27.8,1,3-3,40.3,27.8,7,480(0),01196,[西]西園翔太,866800,サンライズ,72.0
202407030504,4,2歳新馬,ダ,1400,晴,稍重,11:25,2024-09-16,中京,6,6,10,2022100026,クールハッカー,牡2,55,01034,酒井学,1:27.9,3/4,7-6,40.2,54.8,11,462(0),01194,[西]小栗実,023031,久木田隆,
202407030504,4,2歳新馬,ダ,1400,晴,稍重,11:25,2024-09-16,中京,7,2,2,2022104155,ヒロノランド,牡2,55,01157,鮫島克駿,1:28.0,1/2,9-9,40.1,26.5,6,534(0),01087,[西]庄野靖志,936033,高原将浩,
202407030504,4,2歳新馬,ダ,1400,晴,稍重,11:25,2024-09-16,中京,8,8,13,2022101095,アレスグート,牡2,55,01015,古川吉洋,1:28.1,クビ,11-13,38.6,105.1,13,444(0),01106,[東]牧光二,013803,ディアレストクラブ,
202407030504,4,2歳新馬,ダ,1400,晴,稍重,11:25,2024-09-16,中京,9,7,12,2022100371,セントールビースト,牡2,55,01138,藤懸貴志,1:28.1,アタマ,1-1,41.0,7.7,4,420(0),01091,[西]羽月友彦,549031,康本利幸,
202407030504,4,2歳新馬,ダ,1400,晴,稍重,11:25,2024-09-16,中京,10,8,14,2022102442,クリスタルテン,牝2,54,01185,小沢大仁,1:28.2,クビ,7-6,40.5,48.7,10,446(0),01094,[東]水野貴広,355031,若山義記,
202407030504,4,2歳新馬,ダ,1400,晴,稍重,11:25,2024-09-16,中京,11,6,9,2022104070,ニシノエンデヴァー,牡2,55,00732,幸英明,1:29.0,5,14-14,38.5,46.9,9,458(0),01073,[西]宮本博,897009,西山茂行,
202407030504,4,2歳新馬,ダ,1400,晴,稍重,11:25,2024-09-16,中京,12,5,8,2022103815,ヒルノガリシア,牡2,55,01176,亀田温心,1:29.2,1.1/2,3-3,41.8,57.3,12,436(0),01078,[西]北出成人,823800,ヒルノ,
202407030504,4,2歳新馬,ダ,1400,晴,稍重,11:25,2024-09-16,中京,13,7,11,2022103780,テイエムヘルメット,牡2,55,01018,和田竜二,1:29.4,1,11-11,40.0,38.4,8,484(0),01111,[西]鈴木孝志,356002,竹園正繼,
202407030504,4,2歳新馬,ダ,1400,晴,稍重,11:25,2024-09-16,中京,14,4,5,2022101658,タケノリッチ,牝2,51,01204,河原田菜,1:29.5,3/4,11-11,40.0,107.5,14,456(0),01107,[西]村山明,680030,竹原孝昭,
202407030505,5,2歳新馬,芝,1600,晴,良,12:15,2024-09-16,中京,1,8,11,2022106996,ゴージャス,牝2,55,01115,浜中俊,1:36.7,,7-5-5,34.0,7.4,3,424(0),01184,[西]四位洋文,032800,ローレルレーシング,720.0
202407030505,5,2歳新馬,芝,1600,晴,良,12:15,2024-09-16,中京,2,8,12,2022104886,アイサイト,牝2,55,01093,藤岡佑介,1:36.8,3/4,9-7-8,33.9,2.6,1,436(0),01062,[西]藤岡健一,522031,伊藤弘人,290.0
202407030505,5,2歳新馬,芝,1600,晴,良,12:15,2024-09-16,中京,3,2,2,2022107339,パドメ,牝2,55,01174,岩田望来,1:37.1,2,5-7-5,34.3,9.2,4,486(0),01110,[西]清水久詞,520031,福盛訓之,180.0
202407030505,5,2歳新馬,芝,1600,晴,良,12:15,2024-09-16,中京,4,3,3,2022106798,ヒオウギ,牝2,52,01216,吉村誠之,1:37.1,クビ,2-3-3,34.6,26.2,9,412(0),01173,[西]長谷川浩,546800,サラブレッドクラブ・ラフィアン,110.0
202407030505,5,2歳新馬,芝,1600,晴,良,12:15,2024-09-16,中京,5,4,4,2022105096,アドマイヤアーデル,牝2,55,01180,団野大成,1:37.2,1/2,11-10-11,34.0,23.6,8,400(0),01058,[西]大久保龍,535031,近藤旬子,72.0
202407030505,5,2歳新馬,芝,1600,晴,良,12:15,2024-09-16,中京,6,7,10,2022104426,アンピュルシオン,牝2,55,00660,横山典弘,1:37.5,1.1/2,5-5-5,34.8,12.8,5,446(0),01087,[西]庄野靖志,547800,ヒダカ・ブリーダーズ・ユニオン,
202407030505,5,2歳新馬,芝,1600,晴,良,12:15,2024-09-16,中京,7,6,7,2022103167,エイシンサイネリア,牝2,55,01152,小崎綾也,1:37.5,ハナ,1-1-1,35.2,96.0,11,454(0),01058,[西]大久保龍,785800,栄進堂,
202407030505,5,2歳新馬,芝,1600,晴,良,12:15,2024-09-16,中京,8,5,5,2022106245,ジョウショーサクラ,牝2,55,00732,幸英明,1:37.9,2.1/2,9-10-8,34.9,83.9,10,446(0),01069,[西]中尾秀正,380008,熊田義孝,
202407030505,5,2歳新馬,芝,1600,晴,良,12:15,2024-09-16,中京,9,6,8,2022106189,デュアルロール,牝2,55,01168,富田暁,1:38.1,3/4,4-3-3,35.6,14.8,6,468(0),01104,[西]笹田和秀,032800,ローレルレーシング,
202407030505,5,2歳新馬,芝,1600,晴,良,12:15,2024-09-16,中京,10,5,6,2022106661,ピリナマアナ,牝2,55,01157,鮫島克駿,1:38.4,2,7-7-8,35.5,3.8,2,460(0),01154,[西]橋口慎介,117031,前田幸貴,
202407030505,5,2歳新馬,芝,1600,晴,良,12:15,2024-09-16,中京,11,7,9,2022102919,バストス,牝2,55,01018,和田竜二,1:38.7,2,2-2-2,36.3,16.0,7,462(0),01101,[西]吉田直弘,952033,二口雅一,
202407030505,5,2歳新馬,芝,1600,晴,良,12:15,2024-09-16,中京,取,1,1,2022105186,エルモドンナ,牝2,55,01126,松山弘平,,,,,---,,計不,01157,[西]杉山晴紀,909006,草間庸文,
202407030506,6,3歳以上1勝クラス,ダ,1400,晴,稍重,12:45,2024-09-16,中京,1,8,14,2018100421,ライズンシャイン,牝6,53,01212,柴田裕一,1:23.9,,4-5,36.9,14.5,6,514(0),01066,[西]岡田稲男,362800,下河辺牧場,800.0
202407030506,6,3歳以上1勝クラス,ダ,1400,晴,稍重,12:45,2024-09-16,中京,2,8,15,2021102244,テーオードラッカー,牡3,56,01088,川田将雅,1:24.1,1.1/4,2-3,37.4,2.6,1,516(+2),01159,[西]高柳大輔,304008,小笹公也,320.0
202407030506,6,3歳以上1勝クラス,ダ,1400,晴,稍重,12:45,2024-09-16,中京,3,1,1,2021100739,ワンダーカモン,牡3,56,01166,川又賢治,1:24.1,ハナ,11-9,36.3,8.2,3,460(-22),01130,[西]吉村圭司,184033,山本能成,200.0
202407030506,6,3歳以上1勝クラス,ダ,1400,晴,稍重,12:45,2024-09-16,中京,4,6,11,2021106641,ハギノインスパイア,牝3,53,01200,西塚洸二,1:24.6,3,2-2,37.9,34.7,12,436(+2),01158,[西]寺島良,950006,日隈良江,120.0
202407030506,6,3歳以上1勝クラス,ダ,1400,晴,稍重,12:45,2024-09-16,中京,5,5,8,2021107123,イイデカンタロウ,牡3,56,00732,幸英明,1:24.6,クビ,7-7,37.3,81.2,15,518(+6),01078,[西]北出成人,853002,松本俊廣,80.0
202407030506,6,3歳以上1勝クラス,ダ,1400,晴,稍重,12:45,2024-09-16,中京,6,7,12,2021104191,ヨゾラノムコウニ,牡3,56,01180,団野大成,1:24.7,3/4,9-9,37.2,15.3,7,490(-8),01076,[東]小笠倫弘,432030,千葉正人,
202407030506,6,3歳以上1勝クラス,ダ,1400,晴,稍重,12:45,2024-09-16,中京,7,2,2,2021104832,モアリジット,牡3,53,01213,高杉吏麒,1:24.8,クビ,7-7,37.4,15.5,8,484(-6),01148,[西]西村真幸,415800,社台レースホース,
202407030506,6,3歳以上1勝クラス,ダ,1400,晴,稍重,12:45,2024-09-16,中京,8,4,7,2019103780,ストロンゲスト,牡5,58,01034,酒井学,1:25.1,1.3/4,15-13,36.9,41.4,13,486(0),01091,[西]羽月友彦,985033,阿部東亜子,
202407030506,6,3歳以上1勝クラス,ダ,1400,晴,稍重,12:45,2024-09-16,中京,9,3,4,2021102755,ジョウゲンノツキ,牝3,51,01216,吉村誠之,1:25.4,1.3/4,4-5,38.4,13.8,4,456(-4),01123,[西]牧田和弥,952033,二口雅一,
202407030506,6,3歳以上1勝クラス,ダ,1400,晴,稍重,12:45,2024-09-16,中京,10,7,13,2019105271,セットリスト,牝5,56,01174,岩田望来,1:25.5,クビ,1-1,38.9,14.1,5,492(-8),01188,[西]畑端省吾,026803,ＤＭＭドリームクラブ,
202407030506,6,3歳以上1勝クラス,ダ,1400,晴,稍重,12:45,2024-09-16,中京,11,5,9,2020100994,マルモリキング,牡4,57,01182,泉谷楓真,1:25.5,クビ,9-11,37.9,27.4,10,532(+4),01065,[西]大橋勇樹,970031,山下繁美,
202407030506,6,3歳以上1勝クラス,ダ,1400,晴,稍重,12:45,2024-09-16,中京,12,4,6,2021105677,ローガンパス,牡3,56,01171,西村淳也,1:26.0,3,11-13,38.1,7.5,2,492(+2),01146,[西]奥村豊,506800,シルクレーシング,
202407030506,6,3歳以上1勝クラス,ダ,1400,晴,稍重,12:45,2024-09-16,中京,13,3,5,2021103069,ホウショウリナ,牝3,54,01157,鮫島克駿,1:26.1,クビ,13-12,38.1,41.5,14,498(+4),01072,[西]河内洋,277033,芳賀美知子,
202407030506,6,3歳以上1勝クラス,ダ,1400,晴,稍重,12:45,2024-09-16,中京,14,2,3,2021104512,ランゲル,牝3,54,01018,和田竜二,1:26.3,1.1/2,4-4,39.4,28.2,11,428(-6),01111,[西]鈴木孝志,836008,桑畑隆信,
202407030506,6,3歳以上1勝クラス,ダ,1400,晴,稍重,12:45,2024-09-16,中京,15,6,10,2019104548,イスラグランデ,セ5,56,01187,永島まな,1:27.9,10,13-15,39.9,18.4,9,532(+2),01028,[西]西園正都,415800,社台レースホース,
202407030507,7,3歳以上1勝クラス,ダ,1800,曇,稍重,13:15,2024-09-16,中京,1,7,9,2021100838,モンブランミノル,牡3,55,01126,松山弘平,1:51.6,,2-2-2-2,36.6,2.4,1,496(+6),01194,[西]小栗実,345033,増田和啓,800.0
202407030507,7,3歳以上1勝クラス,ダ,1800,曇,稍重,13:15,2024-09-16,中京,2,6,6,2021101705,ソーニーイシュー,牡3,55,01180,団野大成,1:51.6,クビ,2-2-2-2,36.5,3.2,2,514(+8),01120,[西]千田輝彦,003060,ゴドルフィン,320.0
202407030507,7,3歳以上1勝クラス,ダ,1800,曇,稍重,13:15,2024-09-16,中京,3,8,11,2021103154,メイショウカシワデ,牡3,54,01186,角田大和,1:52.4,5,1-1-1-1,37.6,12.9,4,444(-2),01121,[西]角田晃一,523005,松本好雄,200.0
202407030507,7,3歳以上1勝クラス,ダ,1800,曇,稍重,13:15,2024-09-16,中京,4,5,5,2021101415,フイノマジワリ,牝3,53,01153,木幡初也,1:53.0,3.1/2,7-7-7-5,37.6,13.4,5,434(0),01152,[東]竹内正洋,044803,由井健太郎,120.0
202407030507,7,3歳以上1勝クラス,ダ,1800,曇,稍重,13:15,2024-09-16,中京,5,4,4,2021107047,キタサンシデン,牡3,55,01034,酒井学,1:53.1,クビ,5-5-5-5,37.8,7.5,3,498(+2),01099,[西]本田優,373800,大野商事,80.0
202407030507,7,3歳以上1勝クラス,ダ,1800,曇,稍重,13:15,2024-09-16,中京,6,6,7,2021101461,カツラノキサノキ,牡3,55,01174,岩田望来,1:53.2,1,8-8-8-8,37.6,21.3,8,486(0),01087,[西]庄野靖志,311800,桂土地,
202407030507,7,3歳以上1勝クラス,ダ,1800,曇,稍重,13:15,2024-09-16,中京,7,8,10,2021106151,サイレントミニスタ,牡3,52,01202,鷲頭虎太,1:54.5,8,10-10-10-10,38.4,231.3,11,452(-4),01178,[西]杉山佳明,484031,辻子依旦,
202407030507,7,3歳以上1勝クラス,ダ,1800,曇,稍重,13:15,2024-09-16,中京,8,2,2,2021101691,ボックスオフィス,牡3,55,01018,和田竜二,1:54.9,2.1/2,4-4-2-4,39.8,16.4,6,504(-6),01130,[西]吉村圭司,003060,ゴドルフィン,
202407030507,7,3歳以上1勝クラス,ダ,1800,曇,稍重,13:15,2024-09-16,中京,9,7,8,2021104827,ピエスダルジャン,牡3,55,01157,鮫島克駿,1:56.3,8,8-8-8-9,40.6,73.7,9,438(-6),01181,[西]茶木太樹,506800,シルクレーシング,
202407030507,7,3歳以上1勝クラス,ダ,1800,曇,稍重,13:15,2024-09-16,中京,10,1,1,2021105546,サンブノワ,牡3,52,01216,吉村誠之,1:56.3,1/2,5-6-5-5,41.0,124.3,10,508(+6),01151,[西]斉藤崇史,790005,吉田勝己,
202407030507,7,3歳以上1勝クラス,ダ,1800,曇,稍重,13:15,2024-09-16,中京,中,3,3,2021104557,キタノハヤブサ,牡3,51,01204,河原田菜,,,,,17.9,7,462(-4),01101,[西]吉田直弘,163002,北所直人,
202407030508,8,3歳以上1勝クラス,芝,1400,曇,良,13:50,2024-09-16,中京,1,1,2,2021101019,コト,牝3,54,01174,岩田望来,1:21.1,,7-7,34.2,3.7,1,484(+6),01098,[西]野中賢二,866006,寺田寿男,800.0
202407030508,8,3歳以上1勝クラス,芝,1400,曇,良,13:50,2024-09-16,中京,2,4,7,2020102326,サンライズプルート,牡4,58,01126,松山弘平,1:21.2,1,3-4,34.4,8.3,4,472(-8),01002,[西]音無秀孝,399803,ライフハウス,320.0
202407030508,8,3歳以上1勝クラス,芝,1400,曇,良,13:50,2024-09-16,中京,3,8,17,2021100683,ビーグラッド,牝3,54,01032,池添謙一,1:21.3,クビ,8-9,34.3,7.1,3,436(-6),01066,[西]岡田稲男,356803,インゼルレーシング,200.0
202407030508,8,3歳以上1勝クラス,芝,1400,曇,良,13:50,2024-09-16,中京,4,1,1,2020100138,デアデルマーレ,牝4,56,01180,団野大成,1:21.3,1/2,11-11,34.2,27.5,10,474(-8),01170,[西]坂口智康,170800,ロードホースクラブ,120.0
202407030508,8,3歳以上1勝クラス,芝,1400,曇,良,13:50,2024-09-16,中京,5,8,16,2021102312,ストレイトアスク,牝3,53,01200,西塚洸二,1:21.4,クビ,3-2,34.8,11.3,5,434(-2),01055,[西]藤原英昭,037803,廣崎利洋ＨＤ,80.0
202407030508,8,3歳以上1勝クラス,芝,1400,曇,良,13:50,2024-09-16,中京,6,7,13,2020102950,テクノデザイン,牝4,53,01202,鷲頭虎太,1:21.4,クビ,15-13,34.1,89.5,13,432(0),01120,[西]千田輝彦,758005,吉田照哉,
202407030508,8,3歳以上1勝クラス,芝,1400,曇,良,13:50,2024-09-16,中京,7,3,6,2021103116,ヤブサメ,牡3,56,00732,幸英明,1:21.5,クビ,8-7,34.6,4.6,2,480(+6),01140,[西]石橋守,370008,岡浩二,
202407030508,8,3歳以上1勝クラス,芝,1400,曇,良,13:50,2024-09-16,中京,8,5,9,2020102977,オールアイウォント,牝4,53,01212,柴田裕一,1:21.5,クビ,2-2,34.9,169.1,17,456(-2),01142,[西]森田直行,415800,社台レースホース,
202407030508,8,3歳以上1勝クラス,芝,1400,曇,良,13:50,2024-09-16,中京,9,2,4,2020102329,エーデルサンライズ,牝4,56,01171,西村淳也,1:21.6,1/2,11-9,34.6,12.1,6,432(+4),01185,[西]小林真也,306008,松岡隆雄,
202407030508,8,3歳以上1勝クラス,芝,1400,曇,良,13:50,2024-09-16,中京,10,6,11,2020104791,プウスカンドゥール,牝4,56,01125,国分優作,1:21.7,3/4,14-15,34.3,31.1,11,456(+4),01170,[西]坂口智康,315031,廣崎双葉,
202407030508,8,3歳以上1勝クラス,芝,1400,曇,良,13:50,2024-09-16,中京,11,5,10,2020105996,ファルシオン,牝4,54,01187,永島まな,1:21.8,1/2,17-17,34.2,26.7,9,454(+12),01091,[西]羽月友彦,102800,ターフ・スポート,
202407030508,8,3歳以上1勝クラス,芝,1400,曇,良,13:50,2024-09-16,中京,12,3,5,2021105873,シュブロンレーヴル,牝3,54,01142,長岡禎仁,1:21.8,ハナ,3-4,35.1,127.0,15,408(+12),01178,[西]杉山佳明,942031,篁真一郎,
202407030508,8,3歳以上1勝クラス,芝,1400,曇,良,13:50,2024-09-16,中京,13,7,14,2020102637,ヴィヴィッシモ,牡4,58,01093,藤岡佑介,1:21.8,アタマ,15-15,34.3,13.8,7,464(+4),01092,[西]松永幹夫,486800,キャロットファーム,
202407030508,8,3歳以上1勝クラス,芝,1400,曇,良,13:50,2024-09-16,中京,14,6,12,2020104905,ハクサンミニョン,牝4,55,01185,小沢大仁,1:22.0,1,10-11,34.9,85.7,12,450(+16),01135,[西]高橋康之,841030,河崎五市,
202407030508,8,3歳以上1勝クラス,芝,1400,曇,良,13:50,2024-09-16,中京,15,8,18,2021102155,ミスキャサリン,牝3,54,01156,加藤祥太,1:22.6,3.1/2,11-13,35.4,379.4,18,436(+12),01087,[西]庄野靖志,554008,吉田勝利,
202407030508,8,3歳以上1勝クラス,芝,1400,曇,良,13:50,2024-09-16,中京,16,7,15,2020102646,クラックオブドーン,セ4,55,01213,高杉吏麒,1:22.9,1.3/4,18-18,34.6,139.0,16,474(0),01200,[西]藤野健太,808800,Ｇ１レーシング,
202407030508,8,3歳以上1勝クラス,芝,1400,曇,良,13:50,2024-09-16,中京,17,4,8,2020103418,インクルードダイヤ,牝4,56,01176,亀田温心,1:23.0,3/4,1-1,36.6,113.7,14,468(+2),01200,[西]藤野健太,506800,シルクレーシング,
202407030508,8,3歳以上1勝クラス,芝,1400,曇,良,13:50,2024-09-16,中京,18,2,3,2021105302,ザパリスマッチ,牝3,53,01191,松本大輝,1:25.4,大,3-4,38.7,24.3,8,472(0),01181,[西]茶木太樹,415800,社台レースホース,
202407030509,9,長良川特別(1勝),芝,2200,曇,良,14:25,2024-09-16,中京,1,5,5,2021105867,ショウナンハウル,牡3,55,01032,池添謙一,2:13.1,,7-6-1-1,35.3,9.8,4,502(+14),01149,[西]松下武士,331002,国本哲秀,"1,132.4"
202407030509,9,長良川特別(1勝),芝,2200,曇,良,14:25,2024-09-16,中京,2,8,9,2021105056,オルトパラティウム,牡3,55,01093,藤岡佑介,2:13.3,1.1/4,1-1-2-2,35.3,2.0,1,504(-4),01164,[西]安田翔伍,415800,社台レースホース,446.4
202407030509,9,長良川特別(1勝),芝,2200,曇,良,14:25,2024-09-16,中京,3,3,3,2018105021,グルーヴビート,牡6,58,01174,岩田望来,2:13.3,クビ,9-9-9-6,34.9,18.5,5,478(-4),01186,[西]中村直也,226800,サンデーレーシング,283.2
202407030509,9,長良川特別(1勝),芝,2200,曇,良,14:25,2024-09-16,中京,4,8,8,2021102708,アドミラルシップ,牡3,55,01088,川田将雅,2:13.3,アタマ,4-3-5-4,35.0,3.1,2,466(-4),01020,[東]相沢郁,683002,芹澤精一,170.0
202407030509,9,長良川特別(1勝),芝,2200,曇,良,14:25,2024-09-16,中京,5,7,7,2021105819,ホウオウセイメイ,セ3,55,01126,松山弘平,2:13.4,クビ,2-2-3-4,35.2,6.4,3,470(-4),01002,[西]音無秀孝,906033,小笹芳央,111.0
202407030509,9,長良川特別(1勝),芝,2200,曇,良,14:25,2024-09-16,中京,6,1,1,2021100280,ラスク,牝3,53,01152,小崎綾也,2:13.6,1.1/2,5-5-6-6,35.2,73.4,7,458(-2),01186,[西]中村直也,331033,土田重実,
202407030509,9,長良川特別(1勝),芝,2200,曇,良,14:25,2024-09-16,中京,7,2,2,2021104923,ミラキュラスドラマ,牡3,55,01171,西村淳也,2:13.6,クビ,8-8-6-6,35.2,22.1,6,456(-4),01157,[西]杉山晴紀,415800,社台レースホース,
202407030509,9,長良川特別(1勝),芝,2200,曇,良,14:25,2024-09-16,中京,8,6,6,2020106145,ナムラマイケル,牡4,58,01176,亀田温心,2:13.8,1.1/2,6-6-6-9,35.3,181.7,9,438(0),01107,[西]村山明,972002,奈村睦弘,
202407030509,9,長良川特別(1勝),芝,2200,曇,良,14:25,2024-09-16,中京,9,4,4,2020104649,プロミシングギャル,牝4,56,01125,国分優作,2:13.9,1/2,3-3-3-2,35.9,141.4,8,464(+2),01198,[西]河嶋宏樹,110030,近藤克麿,
202407030510,10,桑名特別(2勝),芝,1400,曇,良,15:01,2024-09-16,中京,1,5,7,2021110160,ソンシ,牡3,56,01088,川田将雅,1:20.7,,3-3,33.5,1.9,1,484(0),01137,[西]中内田充,232031,藤田晋,"1,578.7"
202407030510,10,桑名特別(2勝),芝,1400,曇,良,15:01,2024-09-16,中京,2,3,3,2021103977,リチャードバローズ,牡3,56,01174,岩田望来,1:21.0,2,3-3,33.7,4.7,2,510(+8),01168,[西]上村洋行,859007,猪熊広次,628.2
202407030510,10,桑名特別(2勝),芝,1400,曇,良,15:01,2024-09-16,中京,3,4,5,2020100725,シンプリーオーサム,牡4,58,01171,西村淳也,1:21.3,1.1/2,2-2,34.3,19.2,6,550(+6),01176,[西]吉岡辰弥,851009,岡田牧雄,394.1
202407030510,10,桑名特別(2勝),芝,1400,曇,良,15:01,2024-09-16,中京,4,1,1,2018103611,デルマカンノン,牝6,56,01157,鮫島克駿,1:21.4,3/4,5-5,34.0,109.7,11,462(+12),01193,[西]緒方努,274002,浅沼廣幸,230.0
202407030510,10,桑名特別(2勝),芝,1400,曇,良,15:01,2024-09-16,中京,5,6,8,2020104753,サトノヴィレ,セ4,58,01180,団野大成,1:21.5,クビ,9-7,33.9,58.1,9,494(0),01097,[東]鹿戸雄一,790031,里見治,155.0
202407030510,10,桑名特別(2勝),芝,1400,曇,良,15:01,2024-09-16,中京,6,2,2,2020106901,メイショウピース,牝4,56,01018,和田竜二,1:21.5,ハナ,1-1,34.7,5.2,3,474(0),01136,[西]高橋亮,911008,松本好隆,
202407030510,10,桑名特別(2勝),芝,1400,曇,良,15:01,2024-09-16,中京,7,6,9,2021105127,テラメリタ,牝3,54,01187,永島まな,1:21.8,2,11-10,33.8,14.7,4,472(+12),01105,[西]須貝尚介,415800,社台レースホース,
202407030510,10,桑名特別(2勝),芝,1400,曇,良,15:01,2024-09-16,中京,8,7,10,2019105337,テーオーアリエス,牝5,56,01185,小沢大仁,1:22.0,1,7-8,34.3,223.0,12,512(+16),01066,[西]岡田稲男,304008,小笹公也,
202407030510,10,桑名特別(2勝),芝,1400,曇,良,15:01,2024-09-16,中京,9,8,12,2021103203,ロゼフレア,牝3,54,01126,松山弘平,1:22.0,クビ,7-8,34.3,17.0,5,442(-10),01186,[西]中村直也,269800,丸幸小林牧場,
202407030510,10,桑名特別(2勝),芝,1400,曇,良,15:01,2024-09-16,中京,10,5,6,2019104721,ピラティス,牝5,56,00660,横山典弘,1:22.1,クビ,12-12,33.9,52.4,8,468(-2),01092,[西]松永幹夫,866006,寺田寿男,
202407030510,10,桑名特別(2勝),芝,1400,曇,良,15:01,2024-09-16,中京,11,8,13,2020103007,エンファサイズ,牡4,58,01168,富田暁,1:22.1,クビ,5-5,34.7,51.5,7,436(-16),01184,[西]四位洋文,415800,社台レースホース,
202407030510,10,桑名特別(2勝),芝,1400,曇,良,15:01,2024-09-16,中京,12,7,11,2019106076,ケイアイオメガ,牡5,58,01112,荻野琢真,1:22.3,1.1/4,10-10,34.4,291.9,13,458(-16),01084,[西]梅田智之,331803,ケイアイスタリオン,
202407030510,10,桑名特別(2勝),芝,1400,曇,良,15:01,2024-09-16,中京,13,4,4,2021104318,スプリングノヴァ,牝3,54,00732,幸英明,1:22.3,クビ,12-12,34.2,86.1,10,400(+4),01046,[西]鮫島一歩,426031,橋本浩,
202407030511,11,JRA70THアニバ(3勝),ダ,1800,晴,良,15:35,2024-09-16,中京,1,1,2,2020105585,カズペトシーン,牡4,58,01171,西村淳也,1:51.1,,11-11-11-10,36.3,2.7,1,488(0),01144,[西]池添学,138007,吉田和美,"1,873.6"
202407030511,11,JRA70THアニバ(3勝),ダ,1800,晴,良,15:35,2024-09-16,中京,2,6,11,2019102143,フルオール,牡5,58,01180,団野大成,1:51.3,1.1/4,10-9-8-8,36.8,43.9,11,464(-6),01086,[東]斎藤誠,675030,林正道,749.6
202407030511,11,JRA70THアニバ(3勝),ダ,1800,晴,良,15:35,2024-09-16,中京,3,4,8,2018104665,ダノンブレット,牡6,58,00660,横山典弘,1:51.5,1.1/2,14-14-14-14,36.0,33.1,9,522(0),01115,[東]菊沢隆徳,619800,ダノックス,464.8
202407030511,11,JRA70THアニバ(3勝),ダ,1800,晴,良,15:35,2024-09-16,中京,4,8,16,2020104497,サイモンザナドゥ,牡4,58,01174,岩田望来,1:51.5,クビ,13-13-13-13,36.4,10.2,4,470(0),01185,[西]小林真也,132030,澤田昭紀,280.0
202407030511,11,JRA70THアニバ(3勝),ダ,1800,晴,良,15:35,2024-09-16,中京,5,5,10,2020102818,メイクザビート,牡4,58,01185,小沢大仁,1:51.7,1.1/4,5-5-4-5,37.6,22.1,7,492(+2),01028,[西]西園正都,415800,社台レースホース,184.0
202407030511,11,JRA70THアニバ(3勝),ダ,1800,晴,良,15:35,2024-09-16,中京,6,6,12,2020105627,クレメダンジュ,牝4,56,01018,和田竜二,1:52.0,2,7-7-6-7,37.7,87.1,14,464(+6),01111,[西]鈴木孝志,788800,ノースヒルズ,
202407030511,11,JRA70THアニバ(3勝),ダ,1800,晴,良,15:35,2024-09-16,中京,7,2,4,2018110117,フランスゴデイナ,牡6,58,01032,池添謙一,1:52.3,2,5-5-6-5,38.1,26.4,8,498(+6),00427,[西]森秀行,366031,稻井田有司,
202407030511,11,JRA70THアニバ(3勝),ダ,1800,晴,良,15:35,2024-09-16,中京,8,2,3,2020106063,ゴッドブルービー,牡4,58,01115,浜中俊,1:52.5,3/4,3-3-4-3,38.4,10.5,5,456(-12),01121,[西]角田晃一,998007,中西憲治,
202407030511,11,JRA70THアニバ(3勝),ダ,1800,晴,良,15:35,2024-09-16,中京,9,8,15,2018106458,メイショウミカワ,牡6,58,01088,川田将雅,1:52.6,3/4,2-2-2-2,38.7,16.6,6,502(+4),01120,[西]千田輝彦,523005,松本好雄,
202407030511,11,JRA70THアニバ(3勝),ダ,1800,晴,良,15:35,2024-09-16,中京,10,5,9,2020101020,ペイシャモノノフ,牡4,58,01034,酒井学,1:52.7,3/4,12-12-11-10,38.0,34.7,10,478(-6),01188,[西]畑端省吾,163002,北所直人,
202407030511,11,JRA70THアニバ(3勝),ダ,1800,晴,良,15:35,2024-09-16,中京,11,1,1,2018100474,ナリタフォルテ,牡6,58,01168,富田暁,1:53.4,4,7-9-8-8,38.9,202.6,16,590(0),01033,[西]木原一良,712800,オースミ,
202407030511,11,JRA70THアニバ(3勝),ダ,1800,晴,良,15:35,2024-09-16,中京,12,3,5,2019101964,ゼウスバイオ,牡5,58,00732,幸英明,1:53.7,2,3-4-2-3,39.7,55.7,12,524(+4),01188,[西]畑端省吾,930800,バイオ,
202407030511,11,JRA70THアニバ(3勝),ダ,1800,晴,良,15:35,2024-09-16,中京,13,7,14,2020103086,カレンアルカンタラ,牡4,58,01093,藤岡佑介,1:54.2,3,7-7-8-10,39.8,141.6,15,500(+2),01172,[西]新谷功一,869006,鈴木隆司,
202407030511,11,JRA70THアニバ(3勝),ダ,1800,晴,良,15:35,2024-09-16,中京,14,7,13,2019110007,コルドンルージュ,牝5,56,01157,鮫島克駿,1:55.8,10,1-1-1-1,41.9,5.2,2,514(-12),01151,[西]斉藤崇史,226800,サンデーレーシング,
202407030511,11,JRA70THアニバ(3勝),ダ,1800,晴,良,15:35,2024-09-16,中京,15,4,7,2018103470,シゲルバクハツ,牡6,58,01187,永島まな,1:57.7,大,15-15-15-15,41.0,67.8,13,514(+6),00431,[西]谷潔,088034,關美和,
202407030511,11,JRA70THアニバ(3勝),ダ,1800,晴,良,15:35,2024-09-16,中京,中,3,6,2020104675,ヘニータイフーン,牝4,56,01126,松山弘平,,,,,6.1,3,500(-2),01186,[西]中村直也,675030,林正道,
202407030512,12,3歳以上1勝クラス,ダ,1200,晴,良,16:10,2024-09-16,中京,1,6,8,2021105753,フェンダー,牡3,53,01216,吉村誠之,1:10.5,,2-2,36.2,1.8,1,512(0),01151,[西]斉藤崇史,506800,シルクレーシング,800.0
202407030512,12,3歳以上1勝クラス,ダ,1200,晴,良,16:10,2024-09-16,中京,2,8,11,2021103819,ストームバンガード,牡3,56,01018,和田竜二,1:10.8,1.3/4,4-6,35.9,5.4,2,486(+2),01066,[西]岡田稲男,065803,京都ホースレーシング,320.0
202407030512,12,3歳以上1勝クラス,ダ,1200,晴,良,16:10,2024-09-16,中京,3,7,10,2021102336,ヨシノヤッタルデー,牡3,53,01212,柴田裕一,1:10.8,クビ,3-3,36.3,10.9,5,452(-4),01039,[西]中竹和也,728033,清水義徳,200.0
202407030512,12,3歳以上1勝クラス,ダ,1200,晴,良,16:10,2024-09-16,中京,4,8,12,2021103155,メイショウキルギス,牡3,52,01204,河原田菜,1:11.4,3.1/2,1-1,37.3,7.2,3,476(+8),01136,[西]高橋亮,523005,松本好雄,120.0
202407030512,12,3歳以上1勝クラス,ダ,1200,晴,良,16:10,2024-09-16,中京,5,4,4,2020106593,ジークシュベルト,牡4,55,01213,高杉吏麒,1:11.9,3,8-9,36.8,35.0,7,460(-12),01206,[西]高橋一哉,542800,ライオンレースホース,80.0
202407030512,12,3歳以上1勝クラス,ダ,1200,晴,良,16:10,2024-09-16,中京,6,5,6,2021101465,レーヌガレット,牝3,51,01215,橋木太希,1:12.1,1.1/4,10-9,36.7,89.4,9,444(+6),01018,[西]宮徹,541008,橋場勇二,
202407030512,12,3歳以上1勝クラス,ダ,1200,晴,良,16:10,2024-09-16,中京,7,5,5,2021100145,ロードリレーション,牡3,55,01200,西塚洸二,1:12.5,2.1/2,4-4,37.6,33.4,6,452(-6),01183,[西]辻野泰之,170800,ロードホースクラブ,
202407030512,12,3歳以上1勝クラス,ダ,1200,晴,良,16:10,2024-09-16,中京,8,3,3,2018102350,テーオールノワール,セ6,58,01156,加藤祥太,1:12.9,2.1/2,11-11,37.0,311.2,12,498(-2),01084,[西]梅田智之,304008,小笹公也,
202407030512,12,3歳以上1勝クラス,ダ,1200,晴,良,16:10,2024-09-16,中京,9,2,2,2021101776,エスペラード,牡3,56,01015,古川吉洋,1:13.4,3,8-8,38.4,144.2,10,522(+2),01156,[東]青木孝文,088700,ゲートイン,
202407030512,12,3歳以上1勝クラス,ダ,1200,晴,良,16:10,2024-09-16,中京,10,6,7,2021101558,タマモアルタイル,牡3,56,01169,武藤雅,1:13.6,1.1/2,4-6,38.8,43.0,8,484(-6),01094,[東]水野貴広,515800,タマモ,
202407030512,12,3歳以上1勝クラス,ダ,1200,晴,良,16:10,2024-09-16,中京,11,1,1,2021100086,シリウス,牡3,56,01171,西村淳也,1:14.3,4,4-4,39.5,7.6,4,450(+4),01166,[西]石坂公一,248030,石川達絵,
202407030512,12,3歳以上1勝クラス,ダ,1200,晴,良,16:10,2024-09-16,中京,中,7,9,2019101340,ブルーデイジー,牝5,56,01138,藤懸貴志,,,12-12,,292.5,11,458(+10),01063,[東]的場均,585031,青山郁代,
