race_id,bet_type,stake,return
202654072501,単勝,500,160
202654072501,複勝,500,400
202654072501,枠連,0,0
202654072501,馬連,1000,200
202654072501,ワイド,1000,1200
202654072501,馬単,2000,330
202654072501,3連複,1000,900
202654072501,3連単,6000,1880
202654072502,単勝,500,520
202654072502,複勝,500,280
202654072502,枠連,0,0
202654072502,馬連,1000,420
202654072502,ワイド,1000,280
202654072502,馬単,2000,1330
202654072502,3連複,1000,0
202654072502,3連単,6000,0
202654072503,単勝,500,180
202654072503,複勝,500,440
202654072503,枠連,0,0
202654072503,馬連,1000,1270
202654072503,ワイド,1000,1600
202654072503,馬単,2000,1970
202654072503,3連複,1000,1420
202654072503,3連単,6000,5870
202654072504,単勝,500,180
202654072504,複勝,500,320
202654072504,枠連,0,0
202654072504,馬連,1000,1150
202654072504,ワイド,1000,390
202654072504,馬単,2000,1580
202654072504,3連複,1000,0
202654072504,3連単,6000,0
202654072505,単勝,500,490
202654072505,複勝,500,1340
202654072505,枠連,0,0
202654072505,馬連,1000,9150
202654072505,ワイド,1000,5330
202654072505,馬単,2000,15710
202654072505,3連複,1000,10680
202654072505,3連単,6000,66380
202654072506,単勝,500,150
202654072506,複勝,500,450
202654072506,枠連,0,0
202654072506,馬連,1000,460
202654072506,ワイド,1000,890
202654072506,馬単,2000,530
202654072506,3連複,1000,900
202654072506,3連単,6000,2660
202654072507,単勝,500,250
202654072507,複勝,500,360
202654072507,枠連,0,0
202654072507,馬連,1000,160
202654072507,ワイド,1000,510
202654072507,馬単,2000,450
202654072507,3連複,1000,330
202654072507,3連単,6000,1110
202654072508,単勝,500,2260
202654072508,複勝,500,420
202654072508,枠連,0,0
202654072508,馬連,1000,0
202654072508,ワイド,1000,0
202654072508,馬単,2000,0
202654072508,3連複,1000,0
202654072508,3連単,6000,0
202654072509,単勝,500,0
202654072509,複勝,500,590
202654072509,枠連,0,0
202654072509,馬連,1000,0
202654072509,ワイド,1000,930
202654072509,馬単,2000,0
202654072509,3連複,1000,0
202654072509,3連単,6000,0
202654072510,単勝,500,0
202654072510,複勝,500,150
202654072510,枠連,0,0
202654072510,馬連,1000,0
202654072510,ワイド,1000,0
202654072510,馬単,2000,0
202654072510,3連複,1000,0
202654072510,3連単,6000,0
202635072601,単勝,500,140
202635072601,複勝,500,360
202635072601,枠連,0,0
202635072601,馬連,1000,170
202635072601,ワイド,1000,450
202635072601,馬単,2000,240
202635072601,3連複,1000,280
202635072601,3連単,6000,580
202635072602,単勝,500,820
202635072602,複勝,500,420
202635072602,枠連,0,0
202635072602,馬連,1000,1340
202635072602,ワイド,1000,450
202635072602,馬単,2000,2800
202635072602,3連複,1000,0
202635072602,3連単,6000,0
202635072603,単勝,500,320
202635072603,複勝,500,260
202635072603,枠連,0,0
202635072603,馬連,1000,450
202635072603,ワイド,1000,260
202635072603,馬単,2000,970
202635072603,3連複,1000,0
202635072603,3連単,6000,0
202635072604,単勝,500,540
202635072604,複勝,500,430
202635072604,枠連,0,0
202635072604,馬連,1000,650
202635072604,ワイド,1000,970
202635072604,馬単,2000,1560
202635072604,3連複,1000,860
202635072604,3連単,6000,5820
202635072605,単勝,500,0
202635072605,複勝,500,410
202635072605,枠連,0,0
202635072605,馬連,1000,0
202635072605,ワイド,1000,900
202635072605,馬単,2000,0
202635072605,3連複,1000,0
202635072605,3連単,6000,0
202635072606,単勝,500,110
202635072606,複勝,500,310
202635072606,枠連,0,0
202635072606,馬連,1000,250
202635072606,ワイド,1000,410
202635072606,馬単,2000,280
202635072606,3連複,1000,220
202635072606,3連単,6000,470
202635072607,単勝,500,490
202635072607,複勝,500,380
202635072607,枠連,0,0
202635072607,馬連,1000,870
202635072607,ワイド,1000,590
202635072607,馬単,2000,1430
202635072607,3連複,1000,0
202635072607,3連単,6000,0
202635072608,単勝,500,240
202635072608,複勝,500,460
202635072608,枠連,0,0
202635072608,馬連,1000,820
202635072608,ワイド,1000,1060
202635072608,馬単,2000,1370
202635072608,3連複,1000,1160
202635072608,3連単,6000,5470
202635072609,単勝,500,130
202635072609,複勝,500,230
202635072609,枠連,0,0
202635072609,馬連,1000,250
202635072609,ワイド,1000,170
202635072609,馬単,2000,410
202635072609,3連複,1000,0
202635072609,3連単,6000,0
202635072610,単勝,500,560
202635072610,複勝,500,350
202635072610,枠連,0,0
202635072610,馬連,1000,700
202635072610,ワイド,1000,370
202635072610,馬単,2000,1610
202635072610,3連複,1000,0
202635072610,3連単,6000,0
202635072611,単勝,500,200
202635072611,複勝,500,120
202635072611,枠連,0,0
202635072611,馬連,1000,0
202635072611,ワイド,1000,0
202635072611,馬単,2000,0
202635072611,3連複,1000,0
202635072611,3連単,6000,0
202635072612,単勝,500,550
202635072612,複勝,500,340
202635072612,枠連,0,0
202635072612,馬連,1000,0
202635072612,ワイド,1000,420
202635072612,馬単,2000,0
202635072612,3連複,1000,0
202635072612,3連単,6000,0
202646072601,単勝,500,150
202646072601,複勝,500,260
202646072601,枠連,0,0
202646072601,馬連,1000,300
202646072601,ワイド,1000,360
202646072601,馬単,2000,370
202646072601,3連複,1000,210
202646072601,3連単,6000,690
202646072602,単勝,500,130
202646072602,複勝,500,220
202646072602,枠連,0,0
202646072602,馬連,1000,180
202646072602,ワイド,1000,530
202646072602,馬単,2000,310
202646072602,3連複,1000,220
202646072602,3連単,6000,490
202646072603,単勝,500,860
202646072603,複勝,500,540
202646072603,枠連,0,0
202646072603,馬連,1000,4510
202646072603,ワイド,1000,2190
202646072603,馬単,2000,6840
202646072603,3連複,1000,8540
202646072603,3連単,6000,59030
202646072604,単勝,500,130
202646072604,複勝,500,350
202646072604,枠連,0,0
202646072604,馬連,1000,220
202646072604,ワイド,1000,790
202646072604,馬単,2000,200
202646072604,3連複,1000,440
202646072604,3連単,6000,790
202646072605,単勝,500,780
202646072605,複勝,500,230
202646072605,枠連,0,0
202646072605,馬連,1000,350
202646072605,ワイド,1000,200
202646072605,馬単,2000,1690
202646072605,3連複,1000,0
202646072605,3連単,6000,0
202646072606,単勝,500,0
202646072606,複勝,500,350
202646072606,枠連,0,0
202646072606,馬連,1000,0
202646072606,ワイド,1000,890
202646072606,馬単,2000,0
202646072606,3連複,1000,0
202646072606,3連単,6000,0
202646072607,単勝,500,120
202646072607,複勝,500,130
202646072607,枠連,0,0
202646072607,馬連,1000,0
202646072607,ワイド,1000,0
202646072607,馬単,2000,0
202646072607,3連複,1000,0
202646072607,3連単,6000,0
202654072603,単勝,500,570
202654072603,複勝,500,640
202654072603,枠連,0,0
202654072603,馬連,1000,3040
202654072603,ワイド,1000,1200
202654072603,馬単,2000,4440
202654072603,3連複,1000,1440
202654072603,3連単,6000,10640
202654072604,単勝,500,250
202654072604,複勝,500,120
202654072604,枠連,0,0
202654072604,馬連,1000,0
202654072604,ワイド,1000,0
202654072604,馬単,2000,0
202654072604,3連複,1000,0
202654072604,3連単,6000,0
202654072605,単勝,500,180
202654072605,複勝,500,650
202654072605,枠連,0,0
202654072605,馬連,1000,1280
202654072605,ワイド,1000,2950
202654072605,馬単,2000,1330
202654072605,3連複,1000,4090
202654072605,3連単,6000,12150
202654072606,単勝,500,230
202654072606,複勝,500,560
202654072606,枠連,0,0
202654072606,馬連,1000,1610
202654072606,ワイド,1000,1580
202654072606,馬単,2000,2310
202654072606,3連複,1000,2430
202654072606,3連単,6000,9210
202654072607,単勝,500,240
202654072607,複勝,500,560
202654072607,枠連,0,0
202654072607,馬連,1000,180
202654072607,ワイド,1000,790
202654072607,馬単,2000,400
202654072607,3連複,1000,640
202654072607,3連単,6000,2500
202654072608,単勝,500,170
202654072608,複勝,500,360
202654072608,枠連,0,0
202654072608,馬連,1000,1090
202654072608,ワイド,1000,400
202654072608,馬単,2000,1440
202654072608,3連複,1000,0
202654072608,3連単,6000,0
202654072609,単勝,500,440
202654072609,複勝,500,270
202654072609,枠連,0,0
202654072609,馬連,1000,0
202654072609,ワイド,1000,220
202654072609,馬単,2000,0
202654072609,3連複,1000,0
202654072609,3連単,6000,0
202654072610,単勝,500,400
202654072610,複勝,500,410
202654072610,枠連,0,0
202654072610,馬連,1000,410
202654072610,ワイド,1000,1210
202654072610,馬単,2000,940
202654072610,3連複,1000,1400
202654072610,3連単,6000,6210
202654072611,単勝,500,520
202654072611,複勝,500,570
202654072611,枠連,0,0
202654072611,馬連,1000,2970
202654072611,ワイド,1000,1120
202654072611,馬単,2000,5610
202654072611,3連複,1000,0
202654072611,3連単,6000,0
202635072701,単勝,500,0
202635072701,複勝,500,360
202635072701,枠連,0,0
202635072701,馬連,1000,0
202635072701,ワイド,1000,0
202635072701,馬単,2000,0
202635072701,3連複,1000,0
202635072701,3連単,6000,0
202635072702,単勝,500,300
202635072702,複勝,500,380
202635072702,枠連,0,0
202635072702,馬連,1000,350
202635072702,ワイド,1000,680
202635072702,馬単,2000,830
202635072702,3連複,1000,540
202635072702,3連単,6000,1590
202635072703,単勝,500,370
202635072703,複勝,500,230
202635072703,枠連,0,0
202635072703,馬連,1000,230
202635072703,ワイド,1000,170
202635072703,馬単,2000,730
202635072703,3連複,1000,0
202635072703,3連単,6000,0
202635072704,単勝,500,0
202635072704,複勝,500,530
202635072704,枠連,0,0
202635072704,馬連,1000,0
202635072704,ワイド,1000,0
202635072704,馬単,2000,0
202635072704,3連複,1000,0
202635072704,3連単,6000,0
202635072705,単勝,500,0
202635072705,複勝,500,350
202635072705,枠連,0,0
202635072705,馬連,1000,0
202635072705,ワイド,1000,0
202635072705,馬単,2000,0
202635072705,3連複,1000,0
202635072705,3連単,6000,0
202635072706,単勝,500,150
202635072706,複勝,500,230
202635072706,枠連,0,0
202635072706,馬連,1000,190
202635072706,ワイド,1000,450
202635072706,馬単,2000,240
202635072706,3連複,1000,250
202635072706,3連単,6000,840
202635072707,単勝,500,160
202635072707,複勝,500,240
202635072707,枠連,0,0
202635072707,馬連,1000,340
202635072707,ワイド,1000,450
202635072707,馬単,2000,450
202635072707,3連複,1000,300
202635072707,3連単,6000,910
202635072708,単勝,500,540
202635072708,複勝,500,320
202635072708,枠連,0,0
202635072708,馬連,1000,0
202635072708,ワイド,1000,620
202635072708,馬単,2000,0
202635072708,3連複,1000,0
202635072708,3連単,6000,0
202635072709,単勝,500,0
202635072709,複勝,500,150
202635072709,枠連,0,0
202635072709,馬連,1000,0
202635072709,ワイド,1000,0
202635072709,馬単,2000,0
202635072709,3連複,1000,0
202635072709,3連単,6000,0
202635072710,単勝,500,0
202635072710,複勝,500,300
202635072710,枠連,0,0
202635072710,馬連,1000,0
202635072710,ワイド,1000,250
202635072710,馬単,2000,0
202635072710,3連複,1000,0
202635072710,3連単,6000,0
202635072711,単勝,500,0
202635072711,複勝,500,0
202635072711,枠連,0,0
202635072711,馬連,1000,0
202635072711,ワイド,1000,0
202635072711,馬単,2000,0
202635072711,3連複,1000,0
202635072711,3連単,6000,0
202635072712,単勝,500,170
202635072712,複勝,500,240
202635072712,枠連,0,0
202635072712,馬連,1000,240
202635072712,ワイド,1000,200
202635072712,馬単,2000,630
202635072712,3連複,1000,0
202635072712,3連単,6000,0
202645072701,単勝,500,470
202645072701,複勝,500,470
202645072701,枠連,0,0
202645072701,馬連,1000,450
202645072701,ワイド,1000,1080
202645072701,馬単,2000,1190
202645072701,3連複,1000,1180
202645072701,3連単,6000,5840
202645072702,単勝,500,340
202645072702,複勝,500,440
202645072702,枠連,0,0
202645072702,馬連,1000,1510
202645072702,ワイド,1000,600
202645072702,馬単,2000,2180
202645072702,3連複,1000,390
202645072702,3連単,6000,4350
202645072703,単勝,500,0
202645072703,複勝,500,170
202645072703,枠連,0,0
202645072703,馬連,1000,0
202645072703,ワイド,1000,0
202645072703,馬単,2000,0
202645072703,3連複,1000,0
202645072703,3連単,6000,0
202645072704,単勝,500,260
202645072704,複勝,500,450
202645072704,枠連,0,0
202645072704,馬連,1000,830
202645072704,ワイド,1000,590
202645072704,馬単,2000,1340
202645072704,3連複,1000,320
202645072704,3連単,6000,2800
202645072705,単勝,500,790
202645072705,複勝,500,430
202645072705,枠連,0,0
202645072705,馬連,1000,1290
202645072705,ワイド,1000,520
202645072705,馬単,2000,3110
202645072705,3連複,1000,280
202645072705,3連単,6000,5860
202645072707,単勝,500,180
202645072707,複勝,500,330
202645072707,枠連,0,0
202645072707,馬連,1000,790
202645072707,ワイド,1000,360
202645072707,馬単,2000,1060
202645072707,3連複,1000,0
202645072707,3連単,6000,0
202645072708,単勝,500,290
202645072708,複勝,500,310
202645072708,枠連,0,0
202645072708,馬連,1000,710
202645072708,ワイド,1000,370
202645072708,馬単,2000,1250
202645072708,3連複,1000,0
202645072708,3連単,6000,0
202645072709,単勝,500,240
202645072709,複勝,500,220
202645072709,枠連,0,0
202645072709,馬連,1000,250
202645072709,ワイド,1000,130
202645072709,馬単,2000,450
202645072709,3連複,1000,0
202645072709,3連単,6000,0
202645072710,単勝,500,630
202645072710,複勝,500,400
202645072710,枠連,0,0
202645072710,馬連,1000,1650
202645072710,ワイド,1000,580
202645072710,馬単,2000,3720
202645072710,3連複,1000,0
202645072710,3連単,6000,0
202645072711,単勝,500,180
202645072711,複勝,500,350
202645072711,枠連,0,0
202645072711,馬連,1000,790
202645072711,ワイド,1000,310
202645072711,馬単,2000,1080
202645072711,3連複,1000,0
202645072711,3連単,6000,0
202645072712,単勝,500,640
202645072712,複勝,500,540
202645072712,枠連,0,0
202645072712,馬連,1000,940
202645072712,ワイド,1000,1670
202645072712,馬単,2000,2390
202645072712,3連複,1000,2810
202645072712,3連単,6000,15990
202646072701,単勝,500,100
202646072701,複勝,500,280
202646072701,枠連,0,0
202646072701,馬連,1000,0
202646072701,ワイド,1000,180
202646072701,馬単,2000,0
202646072701,3連複,1000,0
202646072701,3連単,6000,0
202646072702,単勝,500,270
202646072702,複勝,500,370
202646072702,枠連,0,0
202646072702,馬連,1000,1850
202646072702,ワイド,1000,820
202646072702,馬単,2000,3080
202646072702,3連複,1000,620
202646072702,3連単,6000,6540
202646072703,単勝,500,160
202646072703,複勝,500,390
202646072703,枠連,0,0
202646072703,馬連,1000,630
202646072703,ワイド,1000,1420
202646072703,馬単,2000,660
202646072703,3連複,1000,1510
202646072703,3連単,6000,3190
202646072704,単勝,500,220
202646072704,複勝,500,230
202646072704,枠連,0,0
202646072704,馬連,1000,280
202646072704,ワイド,1000,160
202646072704,馬単,2000,640
202646072704,3連複,1000,0
202646072704,3連単,6000,0
202646072705,単勝,500,590
202646072705,複勝,500,550
202646072705,枠連,0,0
202646072705,馬連,1000,0
202646072705,ワイド,1000,530
202646072705,馬単,2000,0
202646072705,3連複,1000,0
202646072705,3連単,6000,0
202646072706,単勝,500,0
202646072706,複勝,500,180
202646072706,枠連,0,0
202646072706,馬連,1000,0
202646072706,ワイド,1000,0
202646072706,馬単,2000,0
202646072706,3連複,1000,0
202646072706,3連単,6000,0
202646072707,単勝,500,120
202646072707,複勝,500,230
202646072707,枠連,0,0
202646072707,馬連,1000,190
202646072707,ワイド,1000,200
202646072707,馬単,2000,210
202646072707,3連複,1000,0
202646072707,3連単,6000,0
202646072708,単勝,500,310
202646072708,複勝,500,320
202646072708,枠連,0,0
202646072708,馬連,1000,890
202646072708,ワイド,1000,390
202646072708,馬単,2000,1870
202646072708,3連複,1000,0
202646072708,3連単,6000,0
202646072709,単勝,500,520
202646072709,複勝,500,240
202646072709,枠連,0,0
202646072709,馬連,1000,390
202646072709,ワイド,1000,210
202646072709,馬単,2000,1480
202646072709,3連複,1000,0
202646072709,3連単,6000,0
202646072710,単勝,500,0
202646072710,複勝,500,0
202646072710,枠連,0,0
202646072710,馬連,1000,0
202646072710,ワイド,1000,0
202646072710,馬単,2000,0
202646072710,3連複,1000,0
202646072710,3連単,6000,0
202630072804,単勝,500,0
202630072804,複勝,500,290
202630072804,枠連,0,0
202630072804,馬連,1000,0
202630072804,ワイド,1000,190
202630072804,馬単,2000,0
202630072804,3連複,1000,0
202630072804,3連単,6000,0
202630072805,単勝,500,140
202630072805,複勝,500,380
202630072805,枠連,0,0
202630072805,馬連,1000,210
202630072805,ワイド,1000,760
202630072805,馬単,2000,290
202630072805,3連複,1000,550
202630072805,3連単,6000,1280
202630072806,単勝,500,230
202630072806,複勝,500,370
202630072806,枠連,0,0
202630072806,馬連,1000,440
202630072806,ワイド,1000,750
202630072806,馬単,2000,800
202630072806,3連複,1000,670
202630072806,3連単,6000,2110
202630072807,単勝,500,220
202630072807,複勝,500,210
202630072807,枠連,0,0
202630072807,馬連,1000,160
202630072807,ワイド,1000,500
202630072807,馬単,2000,460
202630072807,3連複,1000,180
202630072807,3連単,6000,1020
202630072808,単勝,500,0
202630072808,複勝,500,730
202630072808,枠連,0,0
202630072808,馬連,1000,0
202630072808,ワイド,1000,1570
202630072808,馬単,2000,0
202630072808,3連複,1000,0
202630072808,3連単,6000,0
202630072809,単勝,500,180
202630072809,複勝,500,580
202630072809,枠連,0,0
202630072809,馬連,1000,1240
202630072809,ワイド,1000,2740
202630072809,馬単,2000,1630
202630072809,3連複,1000,2600
202630072809,3連単,6000,7500
202630072810,単勝,500,880
202630072810,複勝,500,380
202630072810,枠連,0,0
202630072810,馬連,1000,1070
202630072810,ワイド,1000,480
202630072810,馬単,2000,3060
202630072810,3連複,1000,0
202630072810,3連単,6000,0
202630072811,単勝,500,230
202630072811,複勝,500,210
202630072811,枠連,0,0
202630072811,馬連,1000,130
202630072811,ワイド,1000,130
202630072811,馬単,2000,340
202630072811,3連複,1000,0
202630072811,3連単,6000,0
202630072812,単勝,500,110
202630072812,複勝,500,200
202630072812,枠連,0,0
202630072812,馬連,1000,180
202630072812,ワイド,1000,120
202630072812,馬単,2000,210
202630072812,3連複,1000,0
202630072812,3連単,6000,0
202635072801,単勝,500,340
202635072801,複勝,500,310
202635072801,枠連,0,0
202635072801,馬連,1000,390
202635072801,ワイド,1000,520
202635072801,馬単,2000,850
202635072801,3連複,1000,350
202635072801,3連単,6000,1890
202635072802,単勝,500,150
202635072802,複勝,500,330
202635072802,枠連,0,0
202635072802,馬連,1000,190
202635072802,ワイド,1000,640
202635072802,馬単,2000,250
202635072802,3連複,1000,360
202635072802,3連単,6000,800
202635072803,単勝,500,100
202635072803,複勝,500,360
202635072803,枠連,0,0
202635072803,馬連,1000,480
202635072803,ワイド,1000,740
202635072803,馬単,2000,470
202635072803,3連複,1000,550
202635072803,3連単,6000,1550
202635072804,単勝,500,220
202635072804,複勝,500,370
202635072804,枠連,0,0
202635072804,馬連,1000,0
202635072804,ワイド,1000,500
202635072804,馬単,2000,0
202635072804,3連複,1000,0
202635072804,3連単,6000,0
202635072805,単勝,500,310
202635072805,複勝,500,310
202635072805,枠連,0,0
202635072805,馬連,1000,230
202635072805,ワイド,1000,480
202635072805,馬単,2000,580
202635072805,3連複,1000,250
202635072805,3連単,6000,1360
202635072806,単勝,500,300
202635072806,複勝,500,440
202635072806,枠連,0,0
202635072806,馬連,1000,220
202635072806,ワイド,1000,950
202635072806,馬単,2000,480
202635072806,3連複,1000,750
202635072806,3連単,6000,2410
202635072807,単勝,500,150
202635072807,複勝,500,390
202635072807,枠連,0,0
202635072807,馬連,1000,0
202635072807,ワイド,1000,440
202635072807,馬単,2000,0
202635072807,3連複,1000,0
202635072807,3連単,6000,0
202635072808,単勝,500,210
202635072808,複勝,500,130
202635072808,枠連,0,0
202635072808,馬連,1000,0
202635072808,ワイド,1000,0
202635072808,馬単,2000,0
202635072808,3連複,1000,0
202635072808,3連単,6000,0
202635072809,単勝,500,1390
202635072809,複勝,500,510
202635072809,枠連,0,0
202635072809,馬連,1000,3550
202635072809,ワイド,1000,840
202635072809,馬単,2000,7630
202635072809,3連複,1000,0
202635072809,3連単,6000,0
202635072810,単勝,500,350
202635072810,複勝,500,380
202635072810,枠連,0,0
202635072810,馬連,1000,600
202635072810,ワイド,1000,870
202635072810,馬単,2000,1290
202635072810,3連複,1000,700
202635072810,3連単,6000,3770
202635072811,単勝,500,210
202635072811,複勝,500,670
202635072811,枠連,0,0
202635072811,馬連,1000,1270
202635072811,ワイド,1000,3080
202635072811,馬単,2000,3620
202635072811,3連複,1000,5350
202635072811,3連単,6000,17780
202635072812,単勝,500,0
202635072812,複勝,500,1510
202635072812,枠連,0,0
202635072812,馬連,1000,0
202635072812,ワイド,1000,0
202635072812,馬単,2000,0
202635072812,3連複,1000,0
202635072812,3連単,6000,0
202645072801,単勝,500,110
202645072801,複勝,500,510
202645072801,枠連,0,0
202645072801,馬連,1000,370
202645072801,ワイド,1000,1330
202645072801,馬単,2000,450
202645072801,3連複,1000,1320
202645072801,3連単,6000,3180
202645072802,単勝,500,880
202645072802,複勝,500,700
202645072802,枠連,0,0
202645072802,馬連,1000,2150
202645072802,ワイド,1000,1750
202645072802,馬単,2000,4520
202645072802,3連複,1000,2750
202645072802,3連単,6000,26730
202645072803,単勝,500,1890
202645072803,複勝,500,410
202645072803,枠連,0,0
202645072803,馬連,1000,890
202645072803,ワイド,1000,1340
202645072803,馬単,2000,3730
202645072803,3連複,1000,760
202645072803,3連単,6000,9570
202645072804,単勝,500,360
202645072804,複勝,500,450
202645072804,枠連,0,0
202645072804,馬連,1000,1020
202645072804,ワイド,1000,680
202645072804,馬単,2000,1780
202645072804,3連複,1000,520
202645072804,3連単,6000,4820
202645072805,単勝,500,150
202645072805,複勝,500,300
202645072805,枠連,0,0
202645072805,馬連,1000,0
202645072805,ワイド,1000,240
202645072805,馬単,2000,0
202645072805,3連複,1000,0
202645072805,3連単,6000,0
202645072806,単勝,500,340
202645072806,複勝,500,250
202645072806,枠連,0,0
202645072806,馬連,1000,0
202645072806,ワイド,1000,250
202645072806,馬単,2000,0
202645072806,3連複,1000,0
202645072806,3連単,6000,0
202645072807,単勝,500,2130
202645072807,複勝,500,580
202645072807,枠連,0,0
202645072807,馬連,1000,5050
202645072807,ワイド,1000,790
202645072807,馬単,2000,15060
202645072807,3連複,1000,0
202645072807,3連単,6000,0
202645072808,単勝,500,380
202645072808,複勝,500,370
202645072808,枠連,0,0
202645072808,馬連,1000,570
202645072808,ワイド,1000,720
202645072808,馬単,2000,1200
202645072808,3連複,1000,630
202645072808,3連単,6000,3870
202645072809,単勝,500,250
202645072809,複勝,500,270
202645072809,枠連,0,0
202645072809,馬連,1000,390
202645072809,ワイド,1000,220
202645072809,馬単,2000,700
202645072809,3連複,1000,0
202645072809,3連単,6000,0
202645072810,単勝,500,0
202645072810,複勝,500,320
202645072810,枠連,0,0
202645072810,馬連,1000,0
202645072810,ワイド,1000,360
202645072810,馬単,2000,0
202645072810,3連複,1000,0
202645072810,3連単,6000,0
202645072811,単勝,500,0
202645072811,複勝,500,410
202645072811,枠連,0,0
202645072811,馬連,1000,0
202645072811,ワイド,1000,0
202645072811,馬単,2000,0
202645072811,3連複,1000,0
202645072811,3連単,6000,0
202645072812,単勝,500,220
202645072812,複勝,500,240
202645072812,枠連,0,0
202645072812,馬連,1000,0
202645072812,ワイド,1000,240
202645072812,馬単,2000,0
202645072812,3連複,1000,0
202645072812,3連単,6000,0
202646072801,単勝,500,840
202646072801,複勝,500,570
202646072801,枠連,0,0
202646072801,馬連,1000,5250
202646072801,ワイド,1000,1040
202646072801,馬単,2000,9120
202646072801,3連複,1000,0
202646072801,3連単,6000,0
202646072802,単勝,500,140
202646072802,複勝,500,110
202646072802,枠連,0,0
202646072802,馬連,1000,0
202646072802,ワイド,1000,0
202646072802,馬単,2000,0
202646072802,3連複,1000,0
202646072802,3連単,6000,0
202646072803,単勝,500,480
202646072803,複勝,500,510
202646072803,枠連,0,0
202646072803,馬連,1000,2340
202646072803,ワイド,1000,1240
202646072803,馬単,2000,3990
202646072803,3連複,1000,1670
202646072803,3連単,6000,12930
202646072804,単勝,500,0
202646072804,複勝,500,0
202646072804,枠連,0,0
202646072804,馬連,1000,0
202646072804,ワイド,1000,0
202646072804,馬単,2000,0
202646072804,3連複,1000,0
202646072804,3連単,6000,0
202646072805,単勝,500,0
202646072805,複勝,500,0
202646072805,枠連,0,0
202646072805,馬連,1000,0
202646072805,ワイド,1000,0
202646072805,馬単,2000,0
202646072805,3連複,1000,0
202646072805,3連単,6000,0
202646072806,単勝,500,160
202646072806,複勝,500,380
202646072806,枠連,0,0
202646072806,馬連,1000,1120
202646072806,ワイド,1000,630
202646072806,馬単,2000,1690
202646072806,3連複,1000,430
202646072806,3連単,6000,2840
202646072807,単勝,500,240
202646072807,複勝,500,370
202646072807,枠連,0,0
202646072807,馬連,1000,2080
202646072807,ワイド,1000,640
202646072807,馬単,2000,2770
202646072807,3連複,1000,0
202646072807,3連単,6000,0
202646072808,単勝,500,100
202646072808,複勝,500,330
202646072808,枠連,0,0
202646072808,馬連,1000,200
202646072808,ワイド,1000,660
202646072808,馬単,2000,280
202646072808,3連複,1000,390
202646072808,3連単,6000,760
202646072809,単勝,500,120
202646072809,複勝,500,420
202646072809,枠連,0,0
202646072809,馬連,1000,690
202646072809,ワイド,1000,1130
202646072809,馬単,2000,670
202646072809,3連複,1000,1230
202646072809,3連単,6000,3120
202646072810,単勝,500,0
202646072810,複勝,500,540
202646072810,枠連,0,0
202646072810,馬連,1000,0
202646072810,ワイド,1000,1170
202646072810,馬単,2000,0
202646072810,3連複,1000,0
202646072810,3連単,6000,0
202648072801,単勝,500,160
202648072801,複勝,500,290
202648072801,枠連,0,0
202648072801,馬連,1000,0
202648072801,ワイド,1000,370
202648072801,馬単,2000,0
202648072801,3連複,1000,0
202648072801,3連単,6000,0
202648072802,単勝,500,0
202648072802,複勝,500,0
202648072802,枠連,0,0
202648072802,馬連,1000,0
202648072802,ワイド,1000,0
202648072802,馬単,2000,0
202648072802,3連複,1000,0
202648072802,3連単,6000,0
202648072803,単勝,500,0
202648072803,複勝,500,0
202648072803,枠連,0,0
202648072803,馬連,1000,0
202648072803,ワイド,1000,0
202648072803,馬単,2000,0
202648072803,3連複,1000,0
202648072803,3連単,6000,0
202648072804,単勝,500,200
202648072804,複勝,500,140
202648072804,枠連,0,0
202648072804,馬連,1000,0
202648072804,ワイド,1000,0
202648072804,馬単,2000,0
202648072804,3連複,1000,0
202648072804,3連単,6000,0
202648072805,単勝,500,190
202648072805,複勝,500,290
202648072805,枠連,0,0
202648072805,馬連,1000,770
202648072805,ワイド,1000,350
202648072805,馬単,2000,840
202648072805,3連複,1000,0
202648072805,3連単,6000,0
202648072806,単勝,500,220
202648072806,複勝,500,370
202648072806,枠連,0,0
202648072806,馬連,1000,0
202648072806,ワイド,1000,380
202648072806,馬単,2000,0
202648072806,3連複,1000,0
202648072806,3連単,6000,0
202648072807,単勝,500,650
202648072807,複勝,500,540
202648072807,枠連,0,0
202648072807,馬連,1000,4950
202648072807,ワイド,1000,1230
202648072807,馬単,2000,8100
202648072807,3連複,1000,0
202648072807,3連単,6000,0
202648072808,単勝,500,190
202648072808,複勝,500,140
202648072808,枠連,0,0
202648072808,馬連,1000,0
202648072808,ワイド,1000,0
202648072808,馬単,2000,0
202648072808,3連複,1000,0
202648072808,3連単,6000,0
202648072809,単勝,500,0
202648072809,複勝,500,330
202648072809,枠連,0,0
202648072809,馬連,1000,0
202648072809,ワイド,1000,390
202648072809,馬単,2000,0
202648072809,3連複,1000,0
202648072809,3連単,6000,0
202648072810,単勝,500,220
202648072810,複勝,500,530
202648072810,枠連,0,0
202648072810,馬連,1000,690
202648072810,ワイド,1000,1170
202648072810,馬単,2000,1210
202648072810,3連複,1000,1250
202648072810,3連単,6000,4050
202648072811,単勝,500,320
202648072811,複勝,500,510
202648072811,枠連,0,0
202648072811,馬連,1000,630
202648072811,ワイド,1000,1290
202648072811,馬単,2000,1400
202648072811,3連複,1000,1740
202648072811,3連単,6000,6780
202648072812,単勝,500,0
202648072812,複勝,500,390
202648072812,枠連,0,0
202648072812,馬連,1000,0
202648072812,ワイド,1000,520
202648072812,馬単,2000,0
202648072812,3連複,1000,0
202648072812,3連単,6000,0
202630072901,単勝,500,1270
202630072901,複勝,500,450
202630072901,枠連,0,0
202630072901,馬連,1000,3300
202630072901,ワイド,1000,1200
202630072901,馬単,2000,7060
202630072901,3連複,1000,1160
202630072901,3連単,6000,13940
202630072902,単勝,500,250
202630072902,複勝,500,340
202630072902,枠連,0,0
202630072902,馬連,1000,330
202630072902,ワイド,1000,540
202630072902,馬単,2000,410
202630072902,3連複,1000,270
202630072902,3連単,6000,1480
202630072903,単勝,500,220
202630072903,複勝,500,460
202630072903,枠連,0,0
202630072903,馬連,1000,220
202630072903,ワイド,1000,980
202630072903,馬単,2000,400
202630072903,3連複,1000,560
202630072903,3連単,6000,1520
202630072904,単勝,500,180
202630072904,複勝,500,410
202630072904,枠連,0,0
202630072904,馬連,1000,290
202630072904,ワイド,1000,830
202630072904,馬単,2000,570
202630072904,3連複,1000,660
202630072904,3連単,6000,1720
202630072906,単勝,500,1180
202630072906,複勝,500,280
202630072906,枠連,0,0
202630072906,馬連,1000,0
202630072906,ワイド,1000,200
202630072906,馬単,2000,0
202630072906,3連複,1000,0
202630072906,3連単,6000,0
202630072907,単勝,500,930
202630072907,複勝,500,1180
202630072907,枠連,0,0
202630072907,馬連,1000,520
202630072907,ワイド,1000,5030
202630072907,馬単,2000,2450
202630072907,3連複,1000,5560
202630072907,3連単,6000,38600
202630072908,単勝,500,340
202630072908,複勝,500,670
202630072908,枠連,0,0
202630072908,馬連,1000,1270
202630072908,ワイド,1000,660
202630072908,馬単,2000,2440
202630072908,3連複,1000,280
202630072908,3連単,6000,4100
202630072909,単勝,500,270
202630072909,複勝,500,230
202630072909,枠連,0,0
202630072909,馬連,1000,0
202630072909,ワイド,1000,230
202630072909,馬単,2000,0
202630072909,3連複,1000,0
202630072909,3連単,6000,0
202630072910,単勝,500,0
202630072910,複勝,500,940
202630072910,枠連,0,0
202630072910,馬連,1000,0
202630072910,ワイド,1000,3050
202630072910,馬単,2000,0
202630072910,3連複,1000,0
202630072910,3連単,6000,0
202630072911,単勝,500,320
202630072911,複勝,500,270
202630072911,枠連,0,0
202630072911,馬連,1000,370
202630072911,ワイド,1000,420
202630072911,馬単,2000,760
202630072911,3連複,1000,210
202630072911,3連単,6000,1120
202630072912,単勝,500,100
202630072912,複勝,500,210
202630072912,枠連,0,0
202630072912,馬連,1000,110
202630072912,ワイド,1000,440
202630072912,馬単,2000,130
202630072912,3連複,1000,190
202630072912,3連単,6000,270
202645072901,単勝,500,260
202645072901,複勝,500,510
202645072901,枠連,0,0
202645072901,馬連,1000,1400
202645072901,ワイド,1000,1150
202645072901,馬単,2000,2010
202645072901,3連複,1000,1740
202645072901,3連単,6000,7890
202645072902,単勝,500,0
202645072902,複勝,500,250
202645072902,枠連,0,0
202645072902,馬連,1000,0
202645072902,ワイド,1000,0
202645072902,馬単,2000,0
202645072902,3連複,1000,0
202645072902,3連単,6000,0
202645072903,単勝,500,250
202645072903,複勝,500,480
202645072903,枠連,0,0
202645072903,馬連,1000,180
202645072903,ワイド,1000,1130
202645072903,馬単,2000,380
202645072903,3連複,1000,720
202645072903,3連単,6000,3200
202645072904,単勝,500,470
202645072904,複勝,500,240
202645072904,枠連,0,0
202645072904,馬連,1000,230
202645072904,ワイド,1000,640
202645072904,馬単,2000,570
202645072904,3連複,1000,500
202645072904,3連単,6000,2030
202645072905,単勝,500,540
202645072905,複勝,500,380
202645072905,枠連,0,0
202645072905,馬連,1000,0
202645072905,ワイド,1000,590
202645072905,馬単,2000,0
202645072905,3連複,1000,0
202645072905,3連単,6000,0
202645072906,単勝,500,700
202645072906,複勝,500,480
202645072906,枠連,0,0
202645072906,馬連,1000,0
202645072906,ワイド,1000,640
202645072906,馬単,2000,0
202645072906,3連複,1000,0
202645072906,3連単,6000,0
202645072907,単勝,500,0
202645072907,複勝,500,130
202645072907,枠連,0,0
202645072907,馬連,1000,0
202645072907,ワイド,1000,0
202645072907,馬単,2000,0
202645072907,3連複,1000,0
202645072907,3連単,6000,0
202645072908,単勝,500,370
202645072908,複勝,500,290
202645072908,枠連,0,0
202645072908,馬連,1000,320
202645072908,ワイド,1000,200
202645072908,馬単,2000,800
202645072908,3連複,1000,0
202645072908,3連単,6000,0
202645072909,単勝,500,170
202645072909,複勝,500,360
202645072909,枠連,0,0
202645072909,馬連,1000,230
202645072909,ワイド,1000,670
202645072909,馬単,2000,410
202645072909,3連複,1000,400
202645072909,3連単,6000,1330
202645072910,単勝,500,0
202645072910,複勝,500,0
202645072910,枠連,0,0
202645072910,馬連,1000,0
202645072910,ワイド,1000,0
202645072910,馬単,2000,0
202645072910,3連複,1000,0
202645072910,3連単,6000,0
202645072911,単勝,500,460
202645072911,複勝,500,270
202645072911,枠連,0,0
202645072911,馬連,1000,0
202645072911,ワイド,1000,240
202645072911,馬単,2000,0
202645072911,3連複,1000,0
202645072911,3連単,6000,0
202645072912,単勝,500,540
202645072912,複勝,500,310
202645072912,枠連,0,0
202645072912,馬連,1000,0
202645072912,ワイド,1000,410
202645072912,馬単,2000,0
202645072912,3連複,1000,0
202645072912,3連単,6000,0
202648072901,単勝,500,130
202648072901,複勝,500,620
202648072901,枠連,0,0
202648072901,馬連,1000,0
202648072901,ワイド,1000,1640
202648072901,馬単,2000,0
202648072901,3連複,1000,0
202648072901,3連単,6000,0
202648072902,単勝,500,380
202648072902,複勝,500,320
202648072902,枠連,0,0
202648072902,馬連,1000,0
202648072902,ワイド,1000,540
202648072902,馬単,2000,0
202648072902,3連複,1000,0
202648072902,3連単,6000,0
202648072903,単勝,500,170
202648072903,複勝,500,250
202648072903,枠連,0,0
202648072903,馬連,1000,0
202648072903,ワイド,1000,280
202648072903,馬単,2000,0
202648072903,3連複,1000,0
202648072903,3連単,6000,0
202648072904,単勝,500,1300
202648072904,複勝,500,160
202648072904,枠連,0,0
202648072904,馬連,1000,0
202648072904,ワイド,1000,0
202648072904,馬単,2000,0
202648072904,3連複,1000,0
202648072904,3連単,6000,0
202648072905,単勝,500,1010
202648072905,複勝,500,670
202648072905,枠連,0,0
202648072905,馬連,1000,4330
202648072905,ワイド,1000,1390
202648072905,馬単,2000,9810
202648072905,3連複,1000,0
202648072905,3連単,6000,0
202648072906,単勝,500,670
202648072906,複勝,500,440
202648072906,枠連,0,0
202648072906,馬連,1000,1680
202648072906,ワイド,1000,410
202648072906,馬単,2000,4590
202648072906,3連複,1000,0
202648072906,3連単,6000,0
202648072907,単勝,500,550
202648072907,複勝,500,360
202648072907,枠連,0,0
202648072907,馬連,1000,680
202648072907,ワイド,1000,350
202648072907,馬単,2000,1400
202648072907,3連複,1000,0
202648072907,3連単,6000,0
202648072908,単勝,500,0
202648072908,複勝,500,560
202648072908,枠連,0,0
202648072908,馬連,1000,0
202648072908,ワイド,1000,1230
202648072908,馬単,2000,0
202648072908,3連複,1000,0
202648072908,3連単,6000,0
202648072909,単勝,500,570
202648072909,複勝,500,210
202648072909,枠連,0,0
202648072909,馬連,1000,0
202648072909,ワイド,1000,0
202648072909,馬単,2000,0
202648072909,3連複,1000,0
202648072909,3連単,6000,0
202648072910,単勝,500,0
202648072910,複勝,500,230
202648072910,枠連,0,0
202648072910,馬連,1000,0
202648072910,ワイド,1000,0
202648072910,馬単,2000,0
202648072910,3連複,1000,0
202648072910,3連単,6000,0
202648072911,単勝,500,580
202648072911,複勝,500,650
202648072911,枠連,0,0
202648072911,馬連,1000,4730
202648072911,ワイド,1000,1350
202648072911,馬単,2000,9510
202648072911,3連複,1000,0
202648072911,3連単,6000,0
202648072912,単勝,500,420
202648072912,複勝,500,210
202648072912,枠連,0,0
202648072912,馬連,1000,0
202648072912,ワイド,1000,0
202648072912,馬単,2000,0
202648072912,3連複,1000,0
202648072912,3連単,6000,0
202650072901,単勝,500,160
202650072901,複勝,500,210
202650072901,枠連,0,0
202650072901,馬連,1000,190
202650072901,ワイド,1000,140
202650072901,馬単,2000,360
202650072901,3連複,1000,0
202650072901,3連単,6000,0
202650072902,単勝,500,0
202650072902,複勝,500,280
202650072902,枠連,0,0
202650072902,馬連,1000,0
202650072902,ワイド,1000,300
202650072902,馬単,2000,0
202650072902,3連複,1000,0
202650072902,3連単,6000,0
202650072903,単勝,500,250
202650072903,複勝,500,210
202650072903,枠連,0,0
202650072903,馬連,1000,200
202650072903,ワイド,1000,390
202650072903,馬単,2000,450
202650072903,3連複,1000,190
202650072903,3連単,6000,940
202650072904,単勝,500,200
202650072904,複勝,500,510
202650072904,枠連,0,0
202650072904,馬連,1000,720
202650072904,ワイド,1000,1840
202650072904,馬単,2000,840
202650072904,3連複,1000,2250
202650072904,3連単,6000,6740
202650072905,単勝,500,260
202650072905,複勝,500,510
202650072905,枠連,0,0
202650072905,馬連,1000,900
202650072905,ワイド,1000,1570
202650072905,馬単,2000,1400
202650072905,3連複,1000,3270
202650072905,3連単,6000,10680
202650072906,単勝,500,400
202650072906,複勝,500,370
202650072906,枠連,0,0
202650072906,馬連,1000,360
202650072906,ワイド,1000,730
202650072906,馬単,2000,800
202650072906,3連複,1000,440
202650072906,3連単,6000,2370
202650072907,単勝,500,0
202650072907,複勝,500,260
202650072907,枠連,0,0
202650072907,馬連,1000,0
202650072907,ワイド,1000,0
202650072907,馬単,2000,0
202650072907,3連複,1000,0
202650072907,3連単,6000,0
202650072908,単勝,500,0
202650072908,複勝,500,230
202650072908,枠連,0,0
202650072908,馬連,1000,0
202650072908,ワイド,1000,130
202650072908,馬単,2000,0
202650072908,3連複,1000,0
202650072908,3連単,6000,0
202650072909,単勝,500,770
202650072909,複勝,500,570
202650072909,枠連,0,0
202650072909,馬連,1000,1630
202650072909,ワイド,1000,1720
202650072909,馬単,2000,3060
202650072909,3連複,1000,2810
202650072909,3連単,6000,17540
202650072910,単勝,500,190
202650072910,複勝,500,300
202650072910,枠連,0,0
202650072910,馬連,1000,440
202650072910,ワイド,1000,1010
202650072910,馬単,2000,710
202650072910,3連複,1000,990
202650072910,3連単,6000,3470
202650072911,単勝,500,260
202650072911,複勝,500,440
202650072911,枠連,0,0
202650072911,馬連,1000,880
202650072911,ワイド,1000,1010
202650072911,馬単,2000,1590
202650072911,3連複,1000,1140
202650072911,3連単,6000,5940
202650072912,単勝,500,250
202650072912,複勝,500,270
202650072912,枠連,0,0
202650072912,馬連,1000,290
202650072912,ワイド,1000,210
202650072912,馬単,2000,530
202650072912,3連複,1000,0
202650072912,3連単,6000,0
202630073003,単勝,500,140
202630073003,複勝,500,340
202630073003,枠連,0,0
202630073003,馬連,1000,200
202630073003,ワイド,1000,570
202630073003,馬単,2000,300
202630073003,3連複,1000,290
202630073003,3連単,6000,1060
202630073004,単勝,500,160
202630073004,複勝,500,360
202630073004,枠連,0,0
202630073004,馬連,1000,410
202630073004,ワイド,1000,910
202630073004,馬単,2000,520
202630073004,3連複,1000,400
202630073004,3連単,6000,1430
202630073005,単勝,500,190
202630073005,複勝,500,280
202630073005,枠連,0,0
202630073005,馬連,1000,0
202630073005,ワイド,1000,300
202630073005,馬単,2000,0
202630073005,3連複,1000,0
202630073005,3連単,6000,0
202630073006,単勝,500,130
202630073006,複勝,500,610
202630073006,枠連,0,0
202630073006,馬連,1000,1090
202630073006,ワイド,1000,2660
202630073006,馬単,2000,1320
202630073006,3連複,1000,3690
202630073006,3連単,6000,8930
202630073007,単勝,500,370
202630073007,複勝,500,350
202630073007,枠連,0,0
202630073007,馬連,1000,520
202630073007,ワイド,1000,700
202630073007,馬単,2000,1910
202630073007,3連複,1000,470
202630073007,3連単,6000,3740
202630073008,単勝,500,1770
202630073008,複勝,500,380
202630073008,枠連,0,0
202630073008,馬連,1000,1450
202630073008,ワイド,1000,670
202630073008,馬単,2000,5250
202630073008,3連複,1000,0
202630073008,3連単,6000,0
202630073009,単勝,500,550
202630073009,複勝,500,190
202630073009,枠連,0,0
202630073009,馬連,1000,0
202630073009,ワイド,1000,0
202630073009,馬単,2000,0
202630073009,3連複,1000,0
202630073009,3連単,6000,0
202630073010,単勝,500,200
202630073010,複勝,500,230
202630073010,枠連,0,0
202630073010,馬連,1000,160
202630073010,ワイド,1000,120
202630073010,馬単,2000,360
202630073010,3連複,1000,0
202630073010,3連単,6000,0
202630073011,単勝,500,270
202630073011,複勝,500,150
202630073011,枠連,0,0
202630073011,馬連,1000,0
202630073011,ワイド,1000,460
202630073011,馬単,2000,0
202630073011,3連複,1000,0
202630073011,3連単,6000,0
202630073012,単勝,500,130
202630073012,複勝,500,230
202630073012,枠連,0,0
202630073012,馬連,1000,230
202630073012,ワイド,1000,510
202630073012,馬単,2000,340
202630073012,3連複,1000,250
202630073012,3連単,6000,610
202645073001,単勝,500,430
202645073001,複勝,500,460
202645073001,枠連,0,0
202645073001,馬連,1000,1710
202645073001,ワイド,1000,700
202645073001,馬単,2000,3330
202645073001,3連複,1000,0
202645073001,3連単,6000,0
202645073002,単勝,500,960
202645073002,複勝,500,640
202645073002,枠連,0,0
202645073002,馬連,1000,730
202645073002,ワイド,1000,2780
202645073002,馬単,2000,2750
202645073002,3連複,1000,3660
202645073002,3連単,6000,24050
202645073005,単勝,500,3480
202645073005,複勝,500,650
202645073005,枠連,0,0
202645073005,馬連,1000,4390
202645073005,ワイド,1000,1130
202645073005,馬単,2000,10340
202645073005,3連複,1000,0
202645073005,3連単,6000,0
202645073006,単勝,500,180
202645073006,複勝,500,450
202645073006,枠連,0,0
202645073006,馬連,1000,280
202645073006,ワイド,1000,1220
202645073006,馬単,2000,510
202645073006,3連複,1000,800
202645073006,3連単,6000,2660
202645073007,単勝,500,0
202645073007,複勝,500,380
202645073007,枠連,0,0
202645073007,馬連,1000,0
202645073007,ワイド,1000,450
202645073007,馬単,2000,0
202645073007,3連複,1000,0
202645073007,3連単,6000,0
202645073008,単勝,500,220
202645073008,複勝,500,280
202645073008,枠連,0,0
202645073008,馬連,1000,610
202645073008,ワイド,1000,300
202645073008,馬単,2000,710
202645073008,3連複,1000,0
202645073008,3連単,6000,0
202645073009,単勝,500,240
202645073009,複勝,500,240
202645073009,枠連,0,0
202645073009,馬連,1000,360
202645073009,ワイド,1000,180
202645073009,馬単,2000,640
202645073009,3連複,1000,0
202645073009,3連単,6000,0
202645073010,単勝,500,480
202645073010,複勝,500,460
202645073010,枠連,0,0
202645073010,馬連,1000,2150
202645073010,ワイド,1000,810
202645073010,馬単,2000,3780
202645073010,3連複,1000,0
202645073010,3連単,6000,0
202645073011,単勝,500,0
202645073011,複勝,500,220
202645073011,枠連,0,0
202645073011,馬連,1000,0
202645073011,ワイド,1000,190
202645073011,馬単,2000,0
202645073011,3連複,1000,0
202645073011,3連単,6000,0
202645073012,単勝,500,0
202645073012,複勝,500,330
202645073012,枠連,0,0
202645073012,馬連,1000,0
202645073012,ワイド,1000,580
202645073012,馬単,2000,0
202645073012,3連複,1000,0
202645073012,3連単,6000,0
202648073001,単勝,500,150
202648073001,複勝,500,430
202648073001,枠連,0,0
202648073001,馬連,1000,1430
202648073001,ワイド,1000,390
202648073001,馬単,2000,2300
202648073001,3連複,1000,0
202648073001,3連単,6000,0
202648073002,単勝,500,0
202648073002,複勝,500,110
202648073002,枠連,0,0
202648073002,馬連,1000,0
202648073002,ワイド,1000,0
202648073002,馬単,2000,0
202648073002,3連複,1000,0
202648073002,3連単,6000,0
202648073003,単勝,500,360
202648073003,複勝,500,390
202648073003,枠連,0,0
202648073003,馬連,1000,2180
202648073003,ワイド,1000,560
202648073003,馬単,2000,3520
202648073003,3連複,1000,0
202648073003,3連単,6000,0
202648073004,単勝,500,380
202648073004,複勝,500,420
202648073004,枠連,0,0
202648073004,馬連,1000,620
202648073004,ワイド,1000,900
202648073004,馬単,2000,1470
202648073004,3連複,1000,1190
202648073004,3連単,6000,5570
202648073005,単勝,500,610
202648073005,複勝,500,360
202648073005,枠連,0,0
202648073005,馬連,1000,2010
202648073005,ワイド,1000,680
202648073005,馬単,2000,3850
202648073005,3連複,1000,0
202648073005,3連単,6000,0
202648073006,単勝,500,200
202648073006,複勝,500,230
202648073006,枠連,0,0
202648073006,馬連,1000,200
202648073006,ワイド,1000,180
202648073006,馬単,2000,400
202648073006,3連複,1000,0
202648073006,3連単,6000,0
202648073007,単勝,500,0
202648073007,複勝,500,160
202648073007,枠連,0,0
202648073007,馬連,1000,0
202648073007,ワイド,1000,0
202648073007,馬単,2000,0
202648073007,3連複,1000,0
202648073007,3連単,6000,0
202648073008,単勝,500,650
202648073008,複勝,500,500
202648073008,枠連,0,0
202648073008,馬連,1000,0
202648073008,ワイド,1000,1500
202648073008,馬単,2000,0
202648073008,3連複,1000,0
202648073008,3連単,6000,0
202648073009,単勝,500,320
202648073009,複勝,500,490
202648073009,枠連,0,0
202648073009,馬連,1000,420
202648073009,ワイド,1000,1070
202648073009,馬単,2000,820
202648073009,3連複,1000,1510
202648073009,3連単,6000,7200
202648073010,単勝,500,120
202648073010,複勝,500,110
202648073010,枠連,0,0
202648073010,馬連,1000,0
202648073010,ワイド,1000,0
202648073010,馬単,2000,0
202648073010,3連複,1000,0
202648073010,3連単,6000,0
202648073011,単勝,500,500
202648073011,複勝,500,460
202648073011,枠連,0,0
202648073011,馬連,1000,1610
202648073011,ワイド,1000,1230
202648073011,馬単,2000,2950
202648073011,3連複,1000,1210
202648073011,3連単,6000,7270
202648073012,単勝,500,0
202648073012,複勝,500,390
202648073012,枠連,0,0
202648073012,馬連,1000,0
202648073012,ワイド,1000,660
202648073012,馬単,2000,0
202648073012,3連複,1000,0
202648073012,3連単,6000,0
202650073001,単勝,500,160
202650073001,複勝,500,570
202650073001,枠連,0,0
202650073001,馬連,1000,170
202650073001,ワイド,1000,1540
202650073001,馬単,2000,280
202650073001,3連複,1000,1010
202650073001,3連単,6000,2180
202650073002,単勝,500,140
202650073002,複勝,500,220
202650073002,枠連,0,0
202650073002,馬連,1000,320
202650073002,ワイド,1000,170
202650073002,馬単,2000,430
202650073002,3連複,1000,0
202650073002,3連単,6000,0
202650073003,単勝,500,250
202650073003,複勝,500,420
202650073003,枠連,0,0
202650073003,馬連,1000,1060
202650073003,ワイド,1000,1030
202650073003,馬単,2000,1940
202650073003,3連複,1000,1000
202650073003,3連単,6000,5140
202650073004,単勝,500,390
202650073004,複勝,500,370
202650073004,枠連,0,0
202650073004,馬連,1000,750
202650073004,ワイド,1000,760
202650073004,馬単,2000,1270
202650073004,3連複,1000,760
202650073004,3連単,6000,3970
202650073005,単勝,500,460
202650073005,複勝,500,450
202650073005,枠連,0,0
202650073005,馬連,1000,790
202650073005,ワイド,1000,970
202650073005,馬単,2000,2260
202650073005,3連複,1000,1030
202650073005,3連単,6000,6540
202650073006,単勝,500,360
202650073006,複勝,500,390
202650073006,枠連,0,0
202650073006,馬連,1000,1670
202650073006,ワイド,1000,530
202650073006,馬単,2000,2250
202650073006,3連複,1000,0
202650073006,3連単,6000,0
202650073007,単勝,500,110
202650073007,複勝,500,360
202650073007,枠連,0,0
202650073007,馬連,1000,150
202650073007,ワイド,1000,660
202650073007,馬単,2000,150
202650073007,3連複,1000,330
202650073007,3連単,6000,520
202650073008,単勝,500,190
202650073008,複勝,500,220
202650073008,枠連,0,0
202650073008,馬連,1000,170
202650073008,ワイド,1000,440
202650073008,馬単,2000,310
202650073008,3連複,1000,230
202650073008,3連単,6000,850
202650073009,単勝,500,120
202650073009,複勝,500,260
202650073009,枠連,0,0
202650073009,馬連,1000,0
202650073009,ワイド,1000,210
202650073009,馬単,2000,0
202650073009,3連複,1000,0
202650073009,3連単,6000,0
202650073010,単勝,500,0
202650073010,複勝,500,130
202650073010,枠連,0,0
202650073010,馬連,1000,0
202650073010,ワイド,1000,0
202650073010,馬単,2000,0
202650073010,3連複,1000,0
202650073010,3連単,6000,0
202650073011,単勝,500,0
202650073011,複勝,500,210
202650073011,枠連,0,0
202650073011,馬連,1000,0
202650073011,ワイド,1000,170
202650073011,馬単,2000,0
202650073011,3連複,1000,0
202650073011,3連単,6000,0
202650073012,単勝,500,230
202650073012,複勝,500,280
202650073012,枠連,0,0
202650073012,馬連,1000,0
202650073012,ワイド,1000,240
202650073012,馬単,2000,0
202650073012,3連複,1000,0
202650073012,3連単,6000,0
202645073101,単勝,500,230
202645073101,複勝,500,370
202645073101,枠連,0,0
202645073101,馬連,1000,2140
202645073101,ワイド,1000,630
202645073101,馬単,2000,2640
202645073101,3連複,1000,500
202645073101,3連単,6000,4930
202645073102,単勝,500,440
202645073102,複勝,500,360
202645073102,枠連,0,0
202645073102,馬連,1000,1150
202645073102,ワイド,1000,620
202645073102,馬単,2000,2330
202645073102,3連複,1000,0
202645073102,3連単,6000,0
202645073103,単勝,500,380
202645073103,複勝,500,730
202645073103,枠連,0,0
202645073103,馬連,1000,4650
202645073103,ワイド,1000,1740
202645073103,馬単,2000,6820
202645073103,3連複,1000,0
202645073103,3連単,6000,0
202645073106,単勝,500,390
202645073106,複勝,500,230
202645073106,枠連,0,0
202645073106,馬連,1000,260
202645073106,ワイド,1000,190
202645073106,馬単,2000,750
202645073106,3連複,1000,0
202645073106,3連単,6000,0
202645073107,単勝,500,330
202645073107,複勝,500,520
202645073107,枠連,0,0
202645073107,馬連,1000,1360
202645073107,ワイド,1000,940
202645073107,馬単,2000,2330
202645073107,3連複,1000,730
202645073107,3連単,6000,5390
202645073108,単勝,500,240
202645073108,複勝,500,220
202645073108,枠連,0,0
202645073108,馬連,1000,380
202645073108,ワイド,1000,190
202645073108,馬単,2000,780
202645073108,3連複,1000,0
202645073108,3連単,6000,0
202645073109,単勝,500,110
202645073109,複勝,500,350
202645073109,枠連,0,0
202645073109,馬連,1000,240
202645073109,ワイド,1000,600
202645073109,馬単,2000,270
202645073109,3連複,1000,360
202645073109,3連単,6000,670
202645073110,単勝,500,310
202645073110,複勝,500,490
202645073110,枠連,0,0
202645073110,馬連,1000,390
202645073110,ワイド,1000,1170
202645073110,馬単,2000,810
202645073110,3連複,1000,1140
202645073110,3連単,6000,4190
202645073111,単勝,500,0
202645073111,複勝,500,160
202645073111,枠連,0,0
202645073111,馬連,1000,0
202645073111,ワイド,1000,0
202645073111,馬単,2000,0
202645073111,3連複,1000,0
202645073111,3連単,6000,0
202645073112,単勝,500,0
202645073112,複勝,500,370
202645073112,枠連,0,0
202645073112,馬連,1000,0
202645073112,ワイド,1000,0
202645073112,馬単,2000,0
202645073112,3連複,1000,0
202645073112,3連単,6000,0
202648073101,単勝,500,0
202648073101,複勝,500,160
202648073101,枠連,0,0
202648073101,馬連,1000,0
202648073101,ワイド,1000,0
202648073101,馬単,2000,0
202648073101,3連複,1000,0
202648073101,3連単,6000,0
202648073102,単勝,500,150
202648073102,複勝,500,240
202648073102,枠連,0,0
202648073102,馬連,1000,300
202648073102,ワイド,1000,150
202648073102,馬単,2000,530
202648073102,3連複,1000,0
202648073102,3連単,6000,0
202648073103,単勝,500,530
202648073103,複勝,500,430
202648073103,枠連,0,0
202648073103,馬連,1000,1410
202648073103,ワイド,1000,960
202648073103,馬単,2000,2730
202648073103,3連複,1000,1490
202648073103,3連単,6000,9670
202648073104,単勝,500,260
202648073104,複勝,500,380
202648073104,枠連,0,0
202648073104,馬連,1000,960
202648073104,ワイド,1000,480
202648073104,馬単,2000,1810
202648073104,3連複,1000,0
202648073104,3連単,6000,0
202648073105,単勝,500,140
202648073105,複勝,500,330
202648073105,枠連,0,0
202648073105,馬連,1000,240
202648073105,ワイド,1000,550
202648073105,馬単,2000,340
202648073105,3連複,1000,360
202648073105,3連単,6000,1240
202648073106,単勝,500,0
202648073106,複勝,500,130
202648073106,枠連,0,0
202648073106,馬連,1000,0
202648073106,ワイド,1000,0
202648073106,馬単,2000,0
202648073106,3連複,1000,0
202648073106,3連単,6000,0
202648073107,単勝,500,180
202648073107,複勝,500,450
202648073107,枠連,0,0
202648073107,馬連,1000,0
202648073107,ワイド,1000,400
202648073107,馬単,2000,0
202648073107,3連複,1000,0
202648073107,3連単,6000,0
202648073108,単勝,500,220
202648073108,複勝,500,420
202648073108,枠連,0,0
202648073108,馬連,1000,330
202648073108,ワイド,1000,1020
202648073108,馬単,2000,620
202648073108,3連複,1000,900
202648073108,3連単,6000,2680
202648073109,単勝,500,150
202648073109,複勝,500,530
202648073109,枠連,0,0
202648073109,馬連,1000,620
202648073109,ワイド,1000,1060
202648073109,馬単,2000,940
202648073109,3連複,1000,1580
202648073109,3連単,6000,4970
202648073110,単勝,500,510
202648073110,複勝,500,400
202648073110,枠連,0,0
202648073110,馬連,1000,820
202648073110,ワイド,1000,370
202648073110,馬単,2000,1830
202648073110,3連複,1000,0
202648073110,3連単,6000,0
202648073111,単勝,500,240
202648073111,複勝,500,280
202648073111,枠連,0,0
202648073111,馬連,1000,390
202648073111,ワイド,1000,200
202648073111,馬単,2000,910
202648073111,3連複,1000,0
202648073111,3連単,6000,0
202648073112,単勝,500,0
202648073112,複勝,500,230
202648073112,枠連,0,0
202648073112,馬連,1000,0
202648073112,ワイド,1000,0
202648073112,馬単,2000,0
202648073112,3連複,1000,0
202648073112,3連単,6000,0
202650073101,単勝,500,160
202650073101,複勝,500,230
202650073101,枠連,0,0
202650073101,馬連,1000,0
202650073101,ワイド,1000,210
202650073101,馬単,2000,0
202650073101,3連複,1000,0
202650073101,3連単,6000,0
202650073102,単勝,500,360
202650073102,複勝,500,500
202650073102,枠連,0,0
202650073102,馬連,1000,370
202650073102,ワイド,1000,1250
202650073102,馬単,2000,840
202650073102,3連複,1000,1110
202650073102,3連単,6000,4380
202650073104,単勝,500,0
202650073104,複勝,500,100
202650073104,枠連,0,0
202650073104,馬連,1000,0
202650073104,ワイド,1000,0
202650073104,馬単,2000,0
202650073104,3連複,1000,0
202650073104,3連単,6000,0
202650073105,単勝,500,180
202650073105,複勝,500,360
202650073105,枠連,0,0
202650073105,馬連,1000,740
202650073105,ワイド,1000,560
202650073105,馬単,2000,670
202650073105,3連複,1000,470
202650073105,3連単,6000,1860
202650073106,単勝,500,140
202650073106,複勝,500,210
202650073106,枠連,0,0
202650073106,馬連,1000,130
202650073106,ワイド,1000,420
202650073106,馬単,2000,130
202650073106,3連複,1000,320
202650073106,3連単,6000,570
202650073107,単勝,500,280
202650073107,複勝,500,230
202650073107,枠連,0,0
202650073107,馬連,1000,180
202650073107,ワイド,1000,460
202650073107,馬単,2000,390
202650073107,3連複,1000,190
202650073107,3連単,6000,930
202650073108,単勝,500,1620
202650073108,複勝,500,510
202650073108,枠連,0,0
202650073108,馬連,1000,1920
202650073108,ワイド,1000,1880
202650073108,馬単,2000,5200
202650073108,3連複,1000,2330
202650073108,3連単,6000,27450
202650073109,単勝,500,810
202650073109,複勝,500,1020
202650073109,枠連,0,0
202650073109,馬連,1000,0
202650073109,ワイド,1000,1500
202650073109,馬単,2000,0
202650073109,3連複,1000,0
202650073109,3連単,6000,0
202650073110,単勝,500,180
202650073110,複勝,500,1760
202650073110,枠連,0,0
202650073110,馬連,1000,4190
202650073110,ワイド,1000,1540
202650073110,馬単,2000,5170
202650073110,3連複,1000,0
202650073110,3連単,6000,0
202650073111,単勝,500,110
202650073111,複勝,500,200
202650073111,枠連,0,0
202650073111,馬連,1000,180
202650073111,ワイド,1000,130
202650073111,馬単,2000,170
202650073111,3連複,1000,0
202650073111,3連単,6000,0
202654080101,単勝,500,3090
202654080101,複勝,500,610
202654080101,枠連,0,0
202654080101,馬連,1000,3780
202654080101,ワイド,1000,1740
202654080101,馬単,2000,12610
202654080101,3連複,1000,2510
202654080101,3連単,6000,31220
202654080102,単勝,500,150
202654080102,複勝,500,240
202654080102,枠連,0,0
202654080102,馬連,1000,420
202654080102,ワイド,1000,250
202654080102,馬単,2000,590
202654080102,3連複,1000,0
202654080102,3連単,6000,0
202654080103,単勝,500,300
202654080103,複勝,500,550
202654080103,枠連,0,0
202654080103,馬連,1000,1520
202654080103,ワイド,1000,1170
202654080103,馬単,2000,2370
202654080103,3連複,1000,1350
202654080103,3連単,6000,8340
202654080104,単勝,500,420
202654080104,複勝,500,350
202654080104,枠連,0,0
202654080104,馬連,1000,0
202654080104,ワイド,1000,350
202654080104,馬単,2000,0
202654080104,3連複,1000,0
202654080104,3連単,6000,0
202654080105,単勝,500,1930
202654080105,複勝,500,420
202654080105,枠連,0,0
202654080105,馬連,1000,0
202654080105,ワイド,1000,0
202654080105,馬単,2000,0
202654080105,3連複,1000,0
202654080105,3連単,6000,0
202654080106,単勝,500,0
202654080106,複勝,500,380
202654080106,枠連,0,0
202654080106,馬連,1000,0
202654080106,ワイド,1000,460
202654080106,馬単,2000,0
202654080106,3連複,1000,0
202654080106,3連単,6000,0
202654080107,単勝,500,470
202654080107,複勝,500,410
202654080107,枠連,0,0
202654080107,馬連,1000,260
202654080107,ワイド,1000,860
202654080107,馬単,2000,1280
202654080107,3連複,1000,900
202654080107,3連単,6000,5230
202654080108,単勝,500,860
202654080108,複勝,500,550
202654080108,枠連,0,0
202654080108,馬連,1000,0
202654080108,ワイド,1000,950
202654080108,馬単,2000,0
202654080108,3連複,1000,0
202654080108,3連単,6000,0
202654080109,単勝,500,0
202654080109,複勝,500,180
202654080109,枠連,0,0
202654080109,馬連,1000,0
202654080109,ワイド,1000,0
202654080109,馬単,2000,0
202654080109,3連複,1000,0
202654080109,3連単,6000,0
202654080110,単勝,500,210
202654080110,複勝,500,230
202654080110,枠連,0,0
202654080110,馬連,1000,0
202654080110,ワイド,1000,210
202654080110,馬単,2000,0
202654080110,3連複,1000,0
202654080110,3連単,6000,0
202654080111,単勝,500,540
202654080111,複勝,500,520
202654080111,枠連,0,0
202654080111,馬連,1000,2410
202654080111,ワイド,1000,950
202654080111,馬単,2000,4680
202654080111,3連複,1000,0
202654080111,3連単,6000,0
202635080201,単勝,500,110
202635080201,複勝,500,380
202635080201,枠連,0,0
202635080201,馬連,1000,110
202635080201,ワイド,1000,770
202635080201,馬単,2000,120
202635080201,3連複,1000,320
202635080201,3連単,6000,430
202635080202,単勝,500,780
202635080202,複勝,500,370
202635080202,枠連,0,0
202635080202,馬連,1000,0
202635080202,ワイド,1000,440
202635080202,馬単,2000,0
202635080202,3連複,1000,0
202635080202,3連単,6000,0
202635080203,単勝,500,0
202635080203,複勝,500,400
202635080203,枠連,0,0
202635080203,馬連,1000,0
202635080203,ワイド,1000,510
202635080203,馬単,2000,0
202635080203,3連複,1000,0
202635080203,3連単,6000,0
202635080204,単勝,500,210
202635080204,複勝,500,360
202635080204,枠連,0,0
202635080204,馬連,1000,270
202635080204,ワイド,1000,770
202635080204,馬単,2000,680
202635080204,3連複,1000,770
202635080204,3連単,6000,3160
202635080205,単勝,500,1890
202635080205,複勝,500,660
202635080205,枠連,0,0
202635080205,馬連,1000,5830
202635080205,ワイド,1000,2260
202635080205,馬単,2000,13320
202635080205,3連複,1000,3100
202635080205,3連単,6000,45990
202635080206,単勝,500,190
202635080206,複勝,500,140
202635080206,枠連,0,0
202635080206,馬連,1000,0
202635080206,ワイド,1000,0
202635080206,馬単,2000,0
202635080206,3連複,1000,0
202635080206,3連単,6000,0
202635080207,単勝,500,200
202635080207,複勝,500,730
202635080207,枠連,0,0
202635080207,馬連,1000,1430
202635080207,ワイド,1000,3460
202635080207,馬単,2000,1960
202635080207,3連複,1000,3450
202635080207,3連単,6000,12570
202635080208,単勝,500,0
202635080208,複勝,500,310
202635080208,枠連,0,0
202635080208,馬連,1000,0
202635080208,ワイド,1000,0
202635080208,馬単,2000,0
202635080208,3連複,1000,0
202635080208,3連単,6000,0
202635080209,単勝,500,350
202635080209,複勝,500,350
202635080209,枠連,0,0
202635080209,馬連,1000,200
202635080209,ワイド,1000,610
202635080209,馬単,2000,570
202635080209,3連複,1000,340
202635080209,3連単,6000,1730
202635080210,単勝,500,130
202635080210,複勝,500,320
202635080210,枠連,0,0
202635080210,馬連,1000,490
202635080210,ワイド,1000,330
202635080210,馬単,2000,610
202635080210,3連複,1000,0
202635080210,3連単,6000,0
202635080211,単勝,500,100
202635080211,複勝,500,520
202635080211,枠連,0,0
202635080211,馬連,1000,900
202635080211,ワイド,1000,450
202635080211,馬単,2000,920
202635080211,3連複,1000,0
202635080211,3連単,6000,0
202635080212,単勝,500,0
202635080212,複勝,500,200
202635080212,枠連,0,0
202635080212,馬連,1000,0
202635080212,ワイド,1000,130
202635080212,馬単,2000,0
202635080212,3連複,1000,0
202635080212,3連単,6000,0
202643080201,単勝,500,1290
202643080201,複勝,500,420
202643080201,枠連,0,0
202643080201,馬連,1000,570
202643080201,ワイド,1000,340
202643080201,馬単,2000,2960
202643080201,3連複,1000,0
202643080201,3連単,6000,0
202643080202,単勝,500,0
202643080202,複勝,500,120
202643080202,枠連,0,0
202643080202,馬連,1000,0
202643080202,ワイド,1000,0
202643080202,馬単,2000,0
202643080202,3連複,1000,0
202643080202,3連単,6000,0
202643080203,単勝,500,270
202643080203,複勝,500,290
202643080203,枠連,0,0
202643080203,馬連,1000,230
202643080203,ワイド,1000,390
202643080203,馬単,2000,530
202643080203,3連複,1000,170
202643080203,3連単,6000,800
202643080204,単勝,500,0
202643080204,複勝,500,110
202643080204,枠連,0,0
202643080204,馬連,1000,0
202643080204,ワイド,1000,0
202643080204,馬単,2000,0
202643080204,3連複,1000,0
202643080204,3連単,6000,0
202643080205,単勝,500,0
202643080205,複勝,500,140
202643080205,枠連,0,0
202643080205,馬連,1000,0
202643080205,ワイド,1000,0
202643080205,馬単,2000,0
202643080205,3連複,1000,0
202643080205,3連単,6000,0
202643080206,単勝,500,210
202643080206,複勝,500,230
202643080206,枠連,0,0
202643080206,馬連,1000,0
202643080206,ワイド,1000,220
202643080206,馬単,2000,0
202643080206,3連複,1000,0
202643080206,3連単,6000,0
202643080207,単勝,500,760
202643080207,複勝,500,170
202643080207,枠連,0,0
202643080207,馬連,1000,0
202643080207,ワイド,1000,0
202643080207,馬単,2000,0
202643080207,3連複,1000,0
202643080207,3連単,6000,0
202643080208,単勝,500,1100
202643080208,複勝,500,770
202643080208,枠連,0,0
202643080208,馬連,1000,7170
202643080208,ワイド,1000,2370
202643080208,馬単,2000,13220
202643080208,3連複,1000,0
202643080208,3連単,6000,0
202643080209,単勝,500,450
202643080209,複勝,500,380
202643080209,枠連,0,0
202643080209,馬連,1000,0
202643080209,ワイド,1000,570
202643080209,馬単,2000,0
202643080209,3連複,1000,0
202643080209,3連単,6000,0
202643080210,単勝,500,0
202643080210,複勝,500,470
202643080210,枠連,0,0
202643080210,馬連,1000,0
202643080210,ワイド,1000,790
202643080210,馬単,2000,0
202643080210,3連複,1000,0
202643080210,3連単,6000,0
202643080211,単勝,500,240
202643080211,複勝,500,330
202643080211,枠連,0,0
202643080211,馬連,1000,0
202643080211,ワイド,1000,380
202643080211,馬単,2000,0
202643080211,3連複,1000,0
202643080211,3連単,6000,0
202643080212,単勝,500,120
202643080212,複勝,500,440
202643080212,枠連,0,0
202643080212,馬連,1000,280
202643080212,ワイド,1000,1110
202643080212,馬単,2000,410
202643080212,3連複,1000,1000
202643080212,3連単,6000,1760
202654080201,単勝,500,0
202654080201,複勝,500,220
202654080201,枠連,0,0
202654080201,馬連,1000,0
202654080201,ワイド,1000,150
202654080201,馬単,2000,0
202654080201,3連複,1000,0
202654080201,3連単,6000,0
202654080202,単勝,500,310
202654080202,複勝,500,550
202654080202,枠連,0,0
202654080202,馬連,1000,1020
202654080202,ワイド,1000,1540
202654080202,馬単,2000,1850
202654080202,3連複,1000,1990
202654080202,3連単,6000,8890
202654080203,単勝,500,0
202654080203,複勝,500,120
202654080203,枠連,0,0
202654080203,馬連,1000,0
202654080203,ワイド,1000,0
202654080203,馬単,2000,0
202654080203,3連複,1000,0
202654080203,3連単,6000,0
202654080204,単勝,500,130
202654080204,複勝,500,450
202654080204,枠連,0,0
202654080204,馬連,1000,200
202654080204,ワイド,1000,960
202654080204,馬単,2000,280
202654080204,3連複,1000,810
202654080204,3連単,6000,1340
202654080205,単勝,500,110
202654080205,複勝,500,200
202654080205,枠連,0,0
202654080205,馬連,1000,140
202654080205,ワイド,1000,120
202654080205,馬単,2000,160
202654080205,3連複,1000,0
202654080205,3連単,6000,0
202654080206,単勝,500,0
202654080206,複勝,500,170
202654080206,枠連,0,0
202654080206,馬連,1000,0
202654080206,ワイド,1000,0
202654080206,馬単,2000,0
202654080206,3連複,1000,0
202654080206,3連単,6000,0
202654080207,単勝,500,240
202654080207,複勝,500,450
202654080207,枠連,0,0
202654080207,馬連,1000,620
202654080207,ワイド,1000,880
202654080207,馬単,2000,1070
202654080207,3連複,1000,940
202654080207,3連単,6000,4090
202654080208,単勝,500,110
202654080208,複勝,500,270
202654080208,枠連,0,0
202654080208,馬連,1000,370
202654080208,ワイド,1000,220
202654080208,馬単,2000,440
202654080208,3連複,1000,0
202654080208,3連単,6000,0
202654080209,単勝,500,0
202654080209,複勝,500,200
202654080209,枠連,0,0
202654080209,馬連,1000,0
202654080209,ワイド,1000,120
202654080209,馬単,2000,0
202654080209,3連複,1000,0
202654080209,3連単,6000,0
202654080210,単勝,500,100
202654080210,複勝,500,420
202654080210,枠連,0,0
202654080210,馬連,1000,160
202654080210,ワイド,1000,1020
202654080210,馬単,2000,170
202654080210,3連複,1000,710
202654080210,3連単,6000,1380
202654080211,単勝,500,400
202654080211,複勝,500,390
202654080211,枠連,0,0
202654080211,馬連,1000,770
202654080211,ワイド,1000,410
202654080211,馬単,2000,1780
202654080211,3連複,1000,0
202654080211,3連単,6000,0
