race_id,kaisai_date,field_size,gap_pct_5,gap_top2,spread,gap_boundary_5,gap_boundary_4,gap_boundary_3,gap_boundary_2,gap_boundary_1,selected_5,ladder_conf_5_pct,ladder_conf_5_show_pct,ladder_conf_4_pct,ladder_conf_4_show_pct,ladder_conf_3_pct,ladder_conf_3_show_pct,ladder_conf_2_pct,ladder_conf_2_show_pct,ladder_conf_1_pct,ladder_conf_1_show_pct
202603020501,20260711,11,0.06336617135610609,0.16191800916223031,0.5568938654541026,0.06336617135610609,0.2344371092545725,0.024335098027414376,0.08745457521139688,0.16191800916223031,False,70.11557274547029,False,66.3471831637272,False,52.24260743853021,False,38.553201291394835,False,24.22315845762236,False
202603020507,20260711,11,0.026857692076008174,0.18011983599973783,0.44908556681741685,0.026857692076008174,0.260352143878235,0.0013433658161853457,0.03701125316680256,0.18011983599973783,False,69.63044293904525,False,66.79611217451054,False,52.88308016796355,False,38.022251108902324,False,24.25406484409188,False
202603020508,20260711,16,0.012705383880083148,0.09911776779820271,0.47623869084089565,0.012705383880083148,0.0540466441995185,0.029939997865874552,0.19671764665680525,0.09911776779820271,False,69.4411953349609,False,63.14357056617258,False,52.08635372477701,False,39.71250622236443,False,24.11673057445776,False
202603020509,20260711,15,0.06030025908508446,0.25291266931864687,0.4136714125553772,0.06030025908508446,0.05790349692017736,0.06547941688005712,0.031036691617116766,0.25291266931864687,False,70.07500375460391,False,63.213414754731275,False,51.094759960393176,False,37.9595514365683,False,24.37793358555108,False
202603020510,20260711,9,0.019702483487534457,0.5442998583656038,0.6187860938054531,0.019702483487534457,0.09864325117550947,0.06665703186586447,0.025919718919593847,0.5442998583656038,False,69.53484456538351,False,63.947744802798525,False,51.06188397778993,False,37.905883608053124,False,24.87805512918049,False
202603020511,20260711,9,0.12293953314215215,0.1507598448729783,0.5848780918741145,0.12293953314215215,0.1660340019304542,0.26958633218261574,0.002237612824653761,0.1507598448729783,True,70.89754957928977,False,65.14812674583914,False,45.40712665738864,False,37.65788805064314,False,24.204225340094887,False
202603020512,20260711,15,0.009953674337678419,0.500552155751728,0.5000955289907401,0.009953674337678419,0.00415369721206758,0.05916737046612083,0.029788057020282126,0.500552155751728,False,69.40432230703635,False,62.23517324043198,False,51.27095922145454,False,37.94645278590693,False,24.802532964605163,False
202610020507,20260711,12,0.2259318221171644,0.13167649897886705,0.28892966517540836,0.2259318221171644,0.04633526581986072,0.016260759848779307,0.16202124163859602,0.13167649897886705,True,72.22054972175394,False,63.00375922876291,False,52.46762637143561,False,39.343048583793596,False,24.17186816564513,False
202610020508,20260711,11,0.06398719219829428,0.09447161342332105,0.30685348392180084,0.06398719219829428,0.13081439683327437,0.054007864444713005,0.16588179322006424,0.09447161342332105,False,70.12378641890633,False,64.5230704479413,False,51.41496233356217,False,39.3840975037745,False,24.108869399916852,False
202610020509,20260711,11,0.09278718033182132,0.3618765310918417,0.5320343101200518,0.09278718033182132,0.20426934386345746,0.027349068124700088,0.10274530064665974,0.3618765310918417,False,70.50326861412205,False,65.8208460946964,False,52.158589069840225,False,38.71469260476676,False,24.564152784055153,False
202610020510,20260711,18,0.022047823280674183,0.210496775467474,0.48679805379078234,0.022047823280674183,0.04306366743471842,0.0683139962643676,0.007126412996428656,0.210496775467474,False,69.56619850212404,False,62.944377319392885,False,51.01562424298337,False,37.70903039434674,False,24.305704032093363,False
202610020511,20260711,11,0.12985508719692274,0.048069942394356614,0.2962445261055963,0.12985508719692274,0.011524907758852405,0.008749620422015068,0.6000628235201512,0.048069942394356614,True,70.98754017804575,False,62.36993998170167,False,52.676860122775594,False,44.083401535226386,False,24.030454917530474,False
202610020512,20260711,16,0.06656975389488028,0.0050303223091075835,0.4549115912409545,0.06656975389488028,0.028619824264746893,0.21913454320703804,0.1551185128574618,0.0050303223091075835,False,70.15792969205792,False,62.6817449327267,False,46.807631167393524,False,39.269689980943504,False,23.957878020437313,False
202602010907,20260711,14,0.014908464461108682,0.35500010694063444,0.5186856972253501,0.014908464461108682,0.03212784379069852,0.0076042706183983184,0.0700142474438947,0.35500010694063444,False,69.47069876729216,False,62.74560071946821,False,52.70875743657009,False,38.36931455749221,False,24.552372667001833,False
202602010908,20260711,12,0.10285844772872792,0.22546656161739426,0.4097016635639553,0.10285844772872792,0.060348466780648036,0.026823145524643485,0.06760017611274965,0.22546656161739426,True,70.63530880968891,False,63.257662321876374,False,52.173250745057096,False,38.34388720934368,False,24.331179314460666,False
202602010909,20260711,10,0.008307402485653743,0.08127734513640084,0.35622083136688903,0.008307402485653743,0.028131707598070335,0.4344458113453696,0.06776240561117919,0.08127734513640084,False,69.38225030235066,False,62.67285633068369,False,40.892332788756505,False,38.345595768631966,False,24.086554569194732,False
202602010910,20260711,14,0.014695918062105887,0.2852567601617679,0.40592033592660365,0.014695918062105887,0.2264884815336857,0.0070285329485086125,0.04958679776403386,0.2852567601617679,False,69.46785306336744,False,66.20889000883574,False,52.72479055626995,False,38.15435484246756,False,24.43310963545867,False
202602010911,20260711,13,0.0913809251164987,0.04398041741623229,0.4342325788285273,0.0913809251164987,0.05677665006241564,0.12014028630040104,0.30704804272378533,0.04398041741623229,False,70.48480433313787,False,63.19301427246798,False,49.56824460996577,False,40.894969359241585,False,24.023552370638395,False
202602010912,20260711,8,0.1330469626222057,0.2690036953517772,0.47982705199187975,0.1330469626222057,0.33747238447396327,0.06570450975133044,0.09187100389304216,0.2690036953517772,True,71.02901981404324,False,68.11390970637659,False,51.088476018506704,False,38.599819211883,False,24.40537284044623,False
202603020608,20260712,12,0.2555323296076684,0.1537278744401514,0.4314007565234768,0.2555323296076684,0.011014662943553629,0.07952768053863084,0.02427557227914335,0.1537278744401514,True,72.59386660105915,False,62.360617389932685,False,50.70251480664568,False,37.88864574489242,False,24.209260494392133,False
202603020609,20260712,14,0.23484475538241217,0.21043725394820928,0.45478718446772115,0.23484475538241217,0.109947663536845,0.0017010627119965385,0.050205237144463594,0.21043725394820928,True,72.33328696589955,False,64.15037148886636,False,52.873122646044834,False,38.160855972262546,False,24.305602775715823,False
202603020610,20260712,11,0.171310786605917,0.0768115336212826,0.3799181768494027,0.171310786605917,0.075310676758686,0.1936286573541958,0.028739113201660397,0.0768115336212826,True,71.523526400964,False,63.52795057068378,False,47.517715142729735,False,37.935450324654006,False,24.07900495199268,False
202603020611,20260712,16,0.05986693703033257,0.13978759560849216,0.4081392720100859,0.05986693703033257,0.008728612133990411,0.1928050017928048,0.18338599117965038,0.13978759560849216,False,70.06926737399131,False,62.318838134310326,False,47.540664011167465,False,39.57040547417878,False,24.18561750707634,False
202603020612,20260712,16,0.07353876312006126,0.13724108180405034,0.5075912574990098,0.07353876312006126,0.014559904722268719,0.0921597048187739,0.06720701770393467,0.13724108180405034,False,70.24995285986378,False,62.42537291868246,False,50.34973758455149,False,38.339746685673646,False,24.18130026847654,False
202610020607,20260712,15,0.03876810767014352,0.13232281521913228,0.30405378027620106,0.03876810767014352,0.0748010547782084,0.05247107543484742,0.017220750844415867,0.13232281521913228,False,69.78919817646035,False,63.51875829664748,False,51.457850069685676,False,37.814715053687884,False,24.172963558689776,False
202610020608,20260712,9,0.018581014020834646,0.053688884496040944,0.394628849147861,0.018581014020834646,0.0803576838146011,0.11476605685166393,0.24894107648225156,0.053688884496040944,False,69.51984566323944,False,63.61893228224338,False,49.71834134658976,False,40.27080312967232,False,24.03994111805315,False
202610020609,20260712,10,0.05301857383045492,0.188615178680792,0.47971099460471534,0.05301857383045492,0.26300304825808546,0.004578366954934212,0.14341070777002066,0.188615178680792,False,69.97852417644269,False,66.8418641686487,False,52.79301635635789,False,39.145376342053474,False,24.268498961040024,False
202610020610,20260712,11,0.05579779440643005,0.43480050237164874,0.639441595503339,0.05579779440643005,0.12515014976363079,0.0908878439307858,0.08970279648793958,0.43480050237164874,False,70.01536875658503,False,64.42207373755296,False,50.38525927358772,False,38.57692992921099,False,24.689314458516968,False
202610020611,20260712,11,0.16599962718564296,0.1351723988415458,0.40039066279137403,0.16599962718564296,0.007926981898360616,0.19103110103922052,0.16599735134084484,0.1351723988415458,True,71.45519132992544,False,62.3041834120625,False,47.590092330535114,False,39.3853264548916,False,24.17779350799191,False
202610020612,20260712,17,0.060289752699739296,0.07612362996591858,0.3586877848581884,0.060289752699739296,0.16505848613681873,0.09483100837543655,0.0010632842582818085,0.07612362996591858,False,70.07486467699259,False,65.13088271463478,False,50.27512987966246,False,37.64560734455147,False,24.077842169410694,False
202602011007,20260712,9,0.02797166860374136,0.22132247825104362,0.31901238843293717,0.02797166860374136,0.23034170818086036,0.07051193009570546,0.05488104980032756,0.22132247825104362,False,69.64531118634234,False,66.27596465550404,False,50.95425885598145,False,38.21002254383709,False,24.324125183437378,False
202602011008,20260712,11,0.09606011777278149,0.2630513300520627,0.34689598378608566,0.09606011777278149,0.03269310715510369,0.11027397932430817,0.2706098781612364,0.2630513300520627,False,70.5462166045014,False,62.75588594499073,False,49.84380449022902,False,40.503205651870545,False,24.395220120646876,False
202602011009,20260712,14,0.03894652079365828,0.3759360250985356,0.3861628589881341,0.03894652079365828,0.03009623400108706,0.042308745724322104,0.0025422500731148187,0.3759360250985356,False,69.7915726845994,False,62.70862513060913,False,51.741396935831204,False,37.661074096625555,False,24.588250199045607,False
202602011010,20260712,12,0.1001694866284212,0.34885796193419755,0.5805184071762347,0.1001694866284212,0.010066572903125738,0.01616730646701541,0.05816128003457348,0.34885796193419755,False,70.60008876254592,False,62.343292575994646,False,52.470230199414914,False,38.24452886813453,False,24.54185367853571,False
202602011011,20260712,14,0.003174563867180545,0.4483959709751382,0.5828173029454755,0.003174563867180545,0.11780199507981896,0.022590355667329982,0.0006531048281056612,0.4483959709751382,False,69.31337590811883,False,64.2908605893285,False,52.291238651597226,False,37.64131820946102,False,24.712696132261623,False
202602011012,20260712,8,0.17213941450977926,0.18363693782076973,0.3687985728157308,0.17213941450977926,0.24873307603423805,0.026566786005164288,0.22147381239466218,0.18363693782076973,True,71.53417890881437,False,66.59520510851834,False,52.18039740257817,False,39.97683886224859,False,24.260039911391594,False
202603020708,20260718,15,0.11298293247015086,0.10745280061312841,0.4303039175687582,0.11298293247015086,0.17099599112311123,0.05471551104749194,0.015746961961156707,0.10745280061312841,True,70.7676979738504,False,65.23577752713392,False,51.395213075029986,False,37.799277685224766,False,24.130837618892965,False
202603020709,20260718,12,0.10501428315817998,0.06403301473235107,0.37343545972487746,0.10501428315817998,0.03400862970714727,0.08096911995500862,0.16848001373504787,0.06403301473235107,False,70.66352815710903,False,62.77981800824237,False,50.66226229850089,False,39.41173260694037,False,24.057411327887106,False
202603020710,20260718,15,0.09589806045189565,0.10163320813395933,0.45931295122606397,0.09589806045189565,0.06991650790874471,0.02037605530140682,0.1335239951756487,0.10163320813395933,False,70.54409092059687,False,63.43060365930633,False,52.3529515910081,False,39.04050858500804,False,24.120987364834036,False
202603020711,20260718,16,0.022901459876455362,0.1292611717482066,0.4024308278343546,0.022901459876455362,0.003084617382307244,0.12484560266361511,0.1775703040384744,0.1292611717482066,False,69.57760593146777,False,62.21561164690442,False,49.43683622934523,False,39.508471645031676,False,24.16777490752466,False
202603020712,20260718,16,0.015493109241483415,0.4038521720676186,0.42284171627238415,0.015493109241483415,0.008365201646465974,0.0018459199459114595,0.06601100354617213,0.4038521720676186,False,69.47852558972993,False,62.31219485184941,False,52.869090063198264,False,38.32715197587005,False,24.636144570348613,False
202610020704,20260718,8,0.03845628040196097,0.2505562351001965,0.5351926966354545,0.03845628040196097,0.04260269567765498,0.2275472989697558,0.18788941007438814,0.2505562351001965,False,69.78504779941953,False,62.93600719253815,False,46.57368913559698,False,39.618387386275316,False,24.373917026673418,False
202610020708,20260718,10,0.2689346512848646,0.10233536614000198,0.34884387609424733,0.2689346512848646,0.06494070534493819,0.15867773622944242,0.10878091525606352,0.10233536614000198,True,72.76186373293609,False,63.34070945031727,False,48.49232388490427,False,38.77850565625664,False,24.1221756933931,False
202610020709,20260718,18,0.1389766684502648,0.25171021389546044,0.7075937644318945,0.1389766684502648,0.043917094080841566,0.004373194144093145,0.05383511309434801,0.25171021389546044,True,71.10598530012146,False,62.95987142067813,False,52.798729001156744,False,38.199022329147134,False,24.375883935694635,False
202610020710,20260718,12,0.10918924531368193,0.259632240178306,0.4748454363836858,0.10918924531368193,0.04233307648858474,0.046445700106049335,0.021981937823981695,0.259632240178306,True,70.71813224185736,False,62.93111120307715,False,51.62598113266675,False,37.864603512080606,False,24.38938960470795,False
202610020711,20260718,12,0.051714808112481365,0.28306938910873447,0.4093526625809605,0.051714808112481365,0.11470680603506232,0.2501389624360972,0.07030109294163672,0.28306938910873447,False,69.96123103675117,False,64.23552664174017,False,45.946233452867865,False,38.372336316472875,False,24.42937551838286,False
202610020712,20260718,14,0.01259495013954488,0.26959992947705824,0.44099070302484356,0.01259495013954488,0.03861372676040726,0.05965016470910266,0.03845198692422546,0.26959992947705824,False,69.4397159973336,False,62.86354479909597,False,51.257483196013354,False,38.03737679278344,False,24.40638997162389,False
202602011107,20260718,14,0.01568881433966266,0.2293602898696242,0.3958970362767488,0.01568881433966266,0.1600550057297719,0.004894160691966987,0.14241709966890642,0.2293602898696242,False,69.48114530370063,False,65.04237480393479,False,52.78422354039931,False,39.13483265284407,False,24.33780855121733,False
202602011108,20260718,12,0.05725964977070832,0.07787113598084101,0.3367678404856236,0.05725964977070832,0.11381080120701657,0.06920506233643219,0.10258436208487119,0.07787113598084101,False,70.0347384320587,False,64.21950130825459,False,50.99074641195473,False,38.71299157044228,False,24.080796102197194,False
202602011109,20260718,13,0.05577721976925711,0.05765178140617427,0.26921442587927547,0.05577721976925711,0.11160377834668293,0.009300355875881443,0.08637912820470177,0.05765178140617427,False,70.01509609026807,False,64.18001444379206,False,52.66152168690752,False,38.54185251107523,False,24.046633032962696,False
202602011110,20260718,10,0.043860654990071586,0.4956089864096008,0.5656344476613467,0.043860654990071586,0.024247477417390185,0.00026182087511329667,0.10832908648958986,0.4956089864096008,False,69.85693347514392,False,62.602094050862256,False,52.91318668321937,False,38.77372724688481,False,24.794009182344308,False
202602011111,20260718,13,0.008690812762730048,0.08042455200530806,0.2671469462089181,0.008690812762730048,0.024820705031547347,0.19379766731614537,0.06449118794613029,0.08042455200530806,False,69.38739158060953,False,62.61254041877763,False,47.51300628012756,False,38.31114971283636,False,24.085112766486603,False
202602011112,20260718,12,0.15848428625247096,0.23423700948911577,0.4827547738367465,0.15848428625247096,0.004522537547561628,0.008162598137825475,0.09093808804518216,0.23423700948911577,True,71.35832849964324,False,62.2419212089095,False,52.693208620390955,False,38.58997000861706,False,24.346113100331994,False
202603020808,20260719,16,0.017580846951013532,0.042555032579988265,0.41492583118915416,0.017580846951013532,0.056671581071039936,0.02057205685205118,0.02780920508278487,0.042555032579988265,False,69.5064656017529,False,63.19111185830676,False,52.34748928049046,False,37.92569747627947,False,24.021146838799634,False
202603020809,20260719,16,0.13981587494423572,0.1613785520878487,0.326861726647201,0.13981587494423572,0.06919914176584785,0.18120475667962457,0.0154594681479228,0.1613785520878487,True,71.1168680939857,False,63.41764928115716,False,47.86397839781151,False,37.7962665869045,False,24.22224287780287,False
202603020810,20260719,12,0.06800721695128326,0.09469049604194611,0.4302447963293352,0.06800721695128326,0.015813655945285485,0.05080232714135659,0.08135461688970612,0.09469049604194611,False,70.17692424295163,False,62.44826266572512,False,51.50441800866427,False,38.48884729360167,False,24.109239704470113,False
202603020811,20260719,16,0.06290096545283465,0.1613620094459353,0.530922090567323,0.06290096545283465,0.005355989922033309,0.033513587480158154,0.13472883358710944,0.1613620094459353,False,70.10941904465926,False,62.257167550821514,False,51.98670748309162,False,39.05328283568107,False,24.222214801596074,False
202603020812,20260719,15,0.012211276419166818,0.4056121078091087,0.5402306811687833,0.012211276419166818,0.023052469031619467,0.047019469159191044,0.008946279968669694,0.4056121078091087,False,69.4345761063692,False,62.58031271662484,False,51.60997230285337,False,37.728075248193115,False,24.639166109468366,False
202610020807,20260719,16,0.03334539057471352,0.22342931686050077,0.4547665254781465,0.03334539057471352,0.00045620034352417696,0.11893221046452523,0.1548818024924518,0.22342931686050077,False,69.71697653349781,False,62.16750102715123,False,49.60198435172922,False,39.26717520311559,False,24.32771130745081,False
202610020808,20260719,14,0.12036768676117676,0.19715523018045067,0.3751115715335558,0.12036768676117676,0.0008668388869936526,0.14232298071582924,0.06241219046907303,0.19715523018045067,True,70.86404075692805,False,62.175018948043714,False,48.94881680585324,False,38.28926388030653,False,24.28301492342965,False
202610020809,20260719,8,0.07842583587226963,0.02604534635564896,0.3391364339271168,0.07842583587226963,0.15039008225982547,0.1733487177282612,0.11196506339690429,0.02604534635564896,True,70.31438714531457,False,64.87111598002369,False,48.083040079117126,False,38.812186395245185,False,23.993296489924983,False
202610020810,20260719,16,0.06889575297652012,0.08834054360917688,0.5596349928895904,0.06889575297652012,0.1959530452035389,0.013834330966561515,0.31155966090587744,0.08834054360917688,True,70.18866182737509,False,65.6750570607868,False,52.535227918883066,False,40.94355750188715,False,24.09849846259243,False
202610020811,20260719,18,0.052920812944958,0.030786998611878093,0.35348046920932885,0.052920812944958,0.046102364613345305,0.10967236066247113,0.23211471534743708,0.030786998611878093,False,69.9772276738695,False,62.99953319917836,False,49.8606078055414,False,40.090637133984224,False,24.001292966460262,False
202610020812,20260719,9,0.1252172553957323,0.1379703665188748,0.42978325133956896,0.1252172553957323,0.050199967962637065,0.019569005974214262,0.09159027671214351,0.1379703665188748,True,70.92720725314543,False,63.07385573780616,False,52.37544242078299,False,38.59685535325957,False,24.182536609522373,False
202602011207,20260719,14,0.0019848089960566623,0.08512858530872108,0.4692872221338592,0.0019848089960566623,0.0026535869887518325,0.08445595544642857,0.05035774517679018,0.08512858530872108,False,69.29739900062309,False,62.207723700341965,False,50.56488821310654,False,38.16245922532834,False,24.093066528746306,False
202602011208,20260719,10,0.04238107847186148,0.08264098724224121,0.6305802528942331,0.04238107847186148,0.09247077795478002,0.30162072110516774,0.16442763801743981,0.08264098724224121,False,69.83726272211486,False,63.836895313532615,False,44.52149258126941,False,39.36863383117809,False,24.0888601779368,False
202602011209,20260719,13,0.05807931687334035,0.08428924486869209,0.46303502394296725,0.05807931687334035,0.18423170178425455,0.06575085717224646,0.06649818520208575,0.08428924486869209,False,70.0455959397583,False,65.46907341145169,False,51.087182128296796,False,38.332282086988876,False,24.09164720791719,False
202602011210,20260719,14,0.04248054994986577,0.028324967911393138,0.45996728756105343,0.04248054994986577,0.13500856114729862,0.06291563793850873,0.01610177332239205,0.028324967911393138,False,69.83858540948415,False,64.59777150103984,False,51.16633076287004,False,37.802993971077136,False,23.99714069026291,False
202602011211,20260719,13,0.0017697936277685324,0.1039883916919721,0.4648415957984697,0.0017697936277685324,0.0196960294684324,0.2645366557351586,0.053956725202049804,0.1039883916919721,False,69.29451112114285,False,62.51910788058108,False,45.54701205641346,False,38.200301272992135,False,24.12497342290164,False
202602011212,20260719,14,0.05120789697921333,0.39262523131125787,0.6984438012158539,0.05120789697921333,0.03281464301598098,0.038697086335195474,0.027523752112303228,0.39262523131125787,False,69.9545058364242,False,62.758097194806254,False,51.84214252603218,False,37.922703849783204,False,24.616875509795584,False
202604020105,20260725,11,0.0885989936511244,0.09508099433555424,0.41493204399446204,0.0885989936511244,0.08108899391822598,0.010049865493595867,0.42939071241009025,0.09508099433555424,False,70.44825749373906,False,63.63210745157127,False,52.640646420384094,False,42.21854580134563,False,24.10990035722833,False
202604020106,20260725,15,0.23615987015698606,0.03899938977842725,0.40007144497431246,0.23615987015698606,0.02581003977555935,0.024795470977037933,0.013215332047302068,0.03899938977842725,True,72.34989755251118,False,62.630567060821754,False,52.22977474812245,False,37.772765615147634,False,24.015146923288512,False
202604020107,20260725,17,0.050142031201588444,0.2222294574240319,0.34117712807345774,0.050142031201588444,0.1627390001096781,0.03723431181935859,0.06722488674982675,0.2222294574240319,False,69.94036217198912,False,65.08986563625476,False,51.8829417385815,False,38.33993486876653,False,24.32566894057733,False
202604020108,20260725,13,0.21390661173109732,0.11601698611153675,0.35976238691609524,0.21390661173109732,0.10252793454773072,0.1038619766708507,0.07546131788851182,0.11601698611153675,True,72.06799899323828,False,64.01743253374168,False,50.02289391174416,False,38.4267117557771,False,24.145338364685127,False
202604020109,20260725,10,0.12421016853620738,0.45839175362778867,0.7048414275198349,0.12421016853620738,0.03460635904993124,0.054808491628406085,0.09042312288878748,0.45839175362778867,True,70.91409641685473,False,62.790689866591656,False,51.392618106673716,False,38.58453369482462,False,24.729896502536654,False
202604020112,20260725,17,0.0074766452494636005,0.10705049080508518,0.4355334383471494,0.0074766452494636005,0.12931565531649933,0.10244657885802681,0.11442909199418425,0.10705049080508518,False,69.37110874234733,False,64.49635959052544,False,50.062426537182134,False,38.83825731611983,False,24.130156580240374,False
202607020106,20260725,16,0.00590459367457061,0.00690348568136525,0.3324993474947156,0.00590459367457061,0.09938581622054057,0.0355160885902472,0.053091645715099695,0.00690348568136525,False,69.35001924422481,False,63.961070306759105,False,51.930862629449905,False,38.19120394825346,False,23.96103357326939,False
202607020107,20260725,11,0.27838108203054834,0.23459927086842647,0.37322309054044017,0.27838108203054834,0.013363016897232852,0.0073408955763854845,0.08444700049782086,0.23459927086842647,True,72.87988619537536,False,62.4035161468155,False,52.716091963781565,False,38.52146663808053,False,24.346730070666833,False
202607020108,20260725,8,0.05026593242103384,0.05871143752620792,0.3173368997224894,0.05026593242103384,0.08838528855792765,0.13578064006432114,0.0017484219339074963,0.05871143752620792,False,69.94200649264683,False,63.76344412286172,False,49.1314795877334,False,37.65277207532266,False,24.048422628690275,False
202607020109,20260725,16,0.053925957067546305,0.14380586067401513,0.5354640363653553,0.053925957067546305,0.04849628513137086,0.03158989423262372,0.047058497185826,0.14380586067401513,False,69.99055634607876,False,63.04296176000008,False,52.04034990522014,False,38.12778137365713,False,24.192430950419233,False
202607020110,20260725,12,0.04088342569412929,0.04825971385455209,0.4073310923354678,0.04088342569412929,0.08148628320462038,0.025534757199121037,0.06972598422859189,0.04825971385455209,False,69.81734422324533,False,63.63926409665118,False,52.209166859636746,False,38.366277954124136,False,24.03077525816391,False
202607020111,20260725,8,0.03256341772922477,0.4039563541983516,0.6898736910994165,0.03256341772922477,0.019236870779609755,0.009340567622798194,0.05734122059027293,0.4039563541983516,False,69.7065538920675,False,62.51073198172491,False,52.660401736931014,False,38.23590115443469,False,24.636323428106266,False
202601010107,20260725,15,0.05988920289248313,0.2826302230116903,0.4775238145270769,0.05988920289248313,0.0037237265619862927,0.011286456170725672,0.24961812381400078,0.2826302230116903,False,70.06956214807627,False,62.22730628863336,False,52.60620300651352,False,40.27805805637286,False,24.428625853260407,False
202601010108,20260725,12,0.013061069347984186,0.051292157107305766,0.3937864884286537,0.013061069347984186,0.06786425229718097,0.13336250166495278,0.27279526680911687,0.051292157107305766,False,69.44595971940886,False,63.393538345171706,False,49.19900037480194,False,40.52666824762263,False,24.035894520839804,False
202601010109,20260725,10,0.09562353317333297,0.20257337450886267,0.394135071701222,0.09562353317333297,0.026934879175992646,0.10016163880942752,0.038144016258442076,0.20257337450886267,False,70.54048977962496,False,62.651058469361786,False,50.1262456380179,False,38.03414333742881,False,24.292227477953723,False
202601010110,20260725,11,0.10879691066467717,0.0013841046136881564,0.3417757625699428,0.10879691066467717,0.29661692409950946,0.01606518747052981,0.1842785193628987,0.0013841046136881564,True,70.71300345573309,False,67.41922774389147,False,52.47307545616265,False,39.57991336999881,False,23.951736375983813,False
202601010111,20260725,12,0.004875596875802811,0.14936439532442367,0.5257402206531839,0.004875596875802811,0.1060852181935326,0.002965948739246618,0.016661668746982855,0.14936439532442367,False,69.33621058616312,False,64.08119521507595,False,52.83790907672802,False,37.80885859403548,False,24.201858257016113,False
202601010112,20260725,11,0.07556623131728796,0.22815435183709246,0.45225579751378503,0.07556623131728796,0.06271894331355177,0.04692164237589566,0.10501601258928947,0.22815435183709246,False,70.27669408068807,False,63.300540440676386,False,51.61270180834919,False,38.7386957450058,False,24.33575525983638,False
202604020205,20260726,15,0.02474757711601888,0.05847919061491698,0.4195214526562516,0.02474757711601888,0.1294403065460593,0.005727068236004609,0.03464407621618979,0.05847919061491698,False,69.6022679777525,False,64.49858149325502,False,52.761031617563646,False,37.997404121102655,False,24.048030391694947,False
202604020206,20260726,11,0.04495856393304872,0.1714190598862505,0.37095459559368277,0.04495856393304872,0.19864139628914834,0.08981395787641241,0.17741567532015912,0.1714190598862505,False,69.87152529890862,False,65.72221775233294,False,50.415251439825504,False,39.50682539386606,False,24.23928773350853,False
202604020207,20260726,14,0.02302335877895078,0.13567629123588426,0.4621006022136323,0.02302335877895078,0.038060483458080954,0.07236851770144298,0.23698145703125212,0.13567629123588426,False,69.57923471063731,False,62.85349017060911,False,50.902421463732026,False,40.14271982171632,False,24.17864765720373,False
202604020208,20260726,15,0.05162609777726003,0.09801242644818718,0.20007993862460233,0.05162609777726003,0.20104747279075105,0.006230100878056434,0.004831235403189757,0.09801242644818718,False,69.96005417693758,False,65.7644003049055,False,52.74702432995467,False,37.685016840825654,False,24.114860206615017,False
202604020211,20260726,15,0.013716023444398739,0.031432082455464104,0.43754822653699643,0.013716023444398739,0.19991316236073067,0.010447390987601873,0.015241686534658775,0.031432082455464104,False,69.45473169990585,False,65.74451704198974,False,52.629574205153475,False,37.793985689691844,False,24.00238099772471,False
202607020206,20260726,10,0.24651269508069476,0.002708834298462052,0.4082602258688089,0.24651269508069476,0.29728078062839214,0.021419601688782562,0.09959271547014485,0.002708834298462052,True,72.48044374069497,False,67.43057802905355,False,52.32386865381432,False,38.681376485610386,False,23.953967609698612,False
202607020207,20260726,14,0.06381106261096015,0.10926134111922066,0.3687484515076477,0.06381106261096015,0.2575023626827383,0.06523938933743001,0.06712119011480343,0.10926134111922066,False,70.1214570459288,False,66.74689237867437,False,51.10146079698067,False,38.338842820169184,False,24.13389931686954,False
202607020208,20260726,12,0.034146513595894434,0.2546247442222407,0.513200995854687,0.034146513595894434,0.04902311510512103,0.12706197638172045,0.01608979888282223,0.2546247442222407,False,69.72765231712636,False,63.052516249864865,False,49.37494072712803,False,37.80286854874215,False,24.38085211069891,False
202607020209,20260726,14,0.11132688981645764,0.16273930621773017,0.4727957844218842,0.11132688981645764,0.008243524650901947,0.12576410886774037,0.12713620487621127,0.16273930621773017,True,70.74606730510912,False,62.30997044648707,False,49.4111853697328,False,38.97280743738598,False,24.224552428401903,False
202607020210,20260726,16,0.028879318532172984,0.04198814015508778,0.4406117671013263,0.028879318532172984,0.09866968185939363,0.021368008450245106,0.03387271164592817,0.04198814015508778,False,69.65742255538765,False,63.94821914451462,False,52.32530655992629,False,37.98930887860287,False,24.020190176091205,False
202607020211,20260726,16,0.1437604808323272,0.03848450549875058,0.3861739291452017,0.1437604808323272,0.00036081731210546976,0.07278302164242968,0.14578917800043223,0.03848450549875058,True,71.16798894603177,False,62.16575468241303,False,50.89084791739366,False,39.17061963314741,False,24.014278174586003,False
202601010207,20260726,7,0.1418622470261585,0.13827664083485253,0.3841750123573157,0.1418622470261585,0.4026809868346895,0.00883273429613722,0.18462127957351965,0.13827664083485253,True,71.14339515157472,False,69.20610691738443,False,52.67454536524567,False,39.58356492447547,False,24.183055842767565,False
202601010208,20260726,12,0.12292433409198965,0.10192710343981823,0.4263262901369337,0.12292433409198965,0.027393147487807787,0.018158635133844823,0.058646471729755276,0.10192710343981823,True,70.89735161621662,False,62.659405527361976,False,52.41474428053642,False,38.249633840993376,False,24.12148474686275,False
202601010209,20260726,8,0.08472795401062302,0.2983652510347754,0.38896227906836844,0.08472795401062302,0.019396867594550993,0.026740037628959202,0.20676227698240404,0.2983652510347754,False,70.39735912093235,False,62.51365070291687,False,52.17556759356358,False,39.81968579332259,False,24.455495567222734,False
202601010210,20260726,10,0.03629374077556758,0.06959706675145662,0.39605026248576913,0.03629374077556758,0.02523812615978207,0.08438453725285257,0.31247315095795414,0.06959706675145662,False,69.75625580843176,False,62.62014666541531,False,50.566882697786376,False,40.95339754429316,False,24.066812046753995,False
202601010211,20260726,13,0.026090722129845294,0.2258080932110234,0.5498330381407456,0.026090722129845294,0.14414934818565683,0.160698591424629,0.03435517410469857,0.2258080932110234,False,69.62020380292445,False,64.76032844251944,False,48.435933812947304,False,37.994372100847045,False,24.331760737401282,False
202601010212,20260726,9,0.0002551719630144904,0.2098996053418476,0.39838980498383936,0.0002551719630144904,0.18449064319682182,0.3788181971653803,0.05024287318473781,0.2098996053418476,False,69.27416389588376,False,65.47363020017491,False,42.40254596335434,False,38.1612516217932,False,24.3046881556162,False
202604020306,20260801,12,0.005160257763989065,0.0400175832484696,0.4813150382700885,0.005160257763989065,0.06294689904443375,0.049901036753337916,0.14553008077434393,0.0400175832484696,False,69.34003094995619,False,63.30466268612432,False,51.529568255465904,False,39.167869488986696,False,24.016864953676883,False
202604020307,20260801,15,0.014649432841307434,0.2189014482813906,0.5060684533848718,0.014649432841307434,0.08519410257354397,0.01638085414093832,0.014023586427516646,0.2189014482813906,False,69.46723067038847,False,63.706026450572175,False,52.4642802462022,False,37.78122912993047,False,24.32000470623738,False
202604020308,20260801,12,0.08530919319459893,0.5316187369483457,0.3726076920165501,0.08530919319459893,0.028277088956549085,0.015325529522473054,0.05374047084951176,0.5316187369483457,True,70.40500478631634,False,62.675503814028886,False,52.49368345053077,False,38.19802702742317,False,24.856147742086023,False
202604020309,20260801,14,0.0037381529710615044,0.11048105659225675,0.43387805432513304,0.0037381529710615044,0.04587517258320783,0.09832993268633072,0.19557968849004922,0.11048105659225675,False,69.32094258160127,False,62.99541057157101,False,50.177405484330166,False,39.700370029861055,False,24.135964336075745,False
202604020312,20260801,17,0.1389906933399107,0.28718002029502476,0.37320192874968916,0.1389906933399107,0.03453767066542736,0.10974224663783332,0.01571615936138959,0.28718002029502476,True,71.10616719428931,False,62.78944058701052,False,49.858655876237265,False,37.79895506628039,False,24.436393201101108,False
202607020306,20260801,16,0.05051837765253068,0.012644965160674324,0.4577462553654512,0.05051837765253068,0.07227052571652876,0.03484900205935975,0.008850346994090558,0.012644965160674324,False,69.94535659077246,False,63.473099446956525,False,51.94946658251077,False,37.72707121779157,False,23.970707509777185,False
202607020307,20260801,11,0.005911597838338897,0.014841718327326253,0.4067570112920559,0.005911597838338897,0.11418592052590837,0.07640446545551706,0.16087109329216262,0.014841718327326253,False,69.35011322495123,False,64.22621082452214,False,50.7897280706261,False,39.330822059462946,False,23.974409571516343,False
202607020308,20260801,13,0.037765996262850834,0.11940960023365846,0.33602778023363916,0.037765996262850834,0.19041217959025167,0.06950507542000715,0.044614917905602854,0.11940960023365846,False,69.77585906482075,False,65.57775826843847,False,50.982370182649184,False,38.10210511254661,False,24.15108432856802,False
202607020310,20260801,16,0.03373678367610221,0.08717792516563107,0.39892157137833706,0.03373678367610221,0.09140203077862401,0.27705561805139234,0.023236334302713477,0.08717792516563107,False,69.72219251293929,False,63.81768701419397,False,45.20034710801339,False,37.87775155294967,False,24.096532192835348,False
202607020311,20260801,9,0.020790840534353604,0.5985048882491724,0.40918800815675194,0.020790840534353604,0.005483269639188807,0.05466254002882161,0.00017979418956857692,0.5985048882491724,False,69.54939664508923,False,62.25949566497353,False,51.39669142463009,False,37.636369169175175,False,24.97184301324586,False
202607020312,20260801,11,0.0194336070980752,0.015104537863356315,0.34852512534691094,0.0194336070980752,0.10900219855916533,0.015674599416246823,0.022279120570394818,0.015104537863356315,False,69.53124890191272,False,64.13344367049514,False,52.483957938269064,False,37.86771829186414,False,23.974852512378355,False
202601010304,20260801,11,0.08812705264552884,0.37219946425361355,0.4842678267665133,0.08812705264552884,0.07633855426660507,0.09862888806652692,0.02759318446235978,0.37219946425361355,True,70.44205489620357,False,63.546487843534685,False,50.169055635059,False,37.923431998125814,False,24.581844327866843,False
202601010306,20260801,9,0.0075392212909869355,0.10844059718364549,0.21517405800521888,0.0075392212909869355,0.19303118708795755,0.06378633976135839,0.23529365939041183,0.10844059718364549,False,69.37194804918322,False,65.62376494888554,False,51.14202465361865,False,40.124654893779145,False,24.132509837668493,False
202601010308,20260801,11,0.047859452661658045,0.05792365522108858,0.48482732275909446,0.047859452661658045,0.1271396981428125,0.05056732326162465,0.004004688760565104,0.05792365522108858,False,69.91006039068806,False,64.45756318611696,False,51.51097579770442,False,37.67637048397732,False,24.04709217721768,False
202601010309,20260801,7,0.08969893460999062,0.13241601194336575,0.37119449547894584,0.08969893460999062,0.06909813221451672,0.11989147696994733,0.4477665603814816,0.13241601194336575,True,70.46271079762329,False,63.41582506932091,False,49.575193449339,False,42.41836523356234,False,24.173121513635152,False
202601010310,20260801,14,0.006439118236736812,0.39829649176111365,0.4434811944589107,0.006439118236736812,0.009416990998451204,0.07725295374125107,0.008367371386821443,0.39829649176111365,False,69.35719094538817,False,62.33142069341755,False,50.76603517236287,False,37.72201657578195,False,24.62660795777852,False
202601010311,20260801,16,0.058598602605173244,0.01617032244648302,0.3539156107603187,0.058598602605173244,0.07282519364676589,0.0444143077399009,0.12850962290390705,0.01617032244648302,True,70.05247335826154,False,63.483109509953074,False,51.68265665864797,False,38.98736006465453,False,23.97664878156874,False
202601010312,20260801,8,0.054413755327174705,0.16146530565399703,0.3625361060865958,0.054413755327174705,0.19056514656393644,0.06830958164699494,0.18583477279479788,0.16146530565399703,False,69.99702355640358,False,65.58044616054264,False,51.01574749422325,False,39.596493661177504,False,24.222390116501078,False
202604020406,20260802,15,0.05826676282954937,0.20996245616405793,0.355360058131172,0.05826676282954937,0.1131231164353604,0.030758169385646232,0.03524398687594329,0.20996245616405793,False,70.04807857763844,False,64.20719968927642,False,52.06354120512716,False,38.00370046729314,False,24.304795072989617,False
202604020407,20260802,17,0.19424783718214225,0.09362136226276704,0.5481537182589579,0.19424783718214225,0.03326098335075836,0.009498411482446944,0.05199152019015564,0.09362136226276704,True,71.8175078164419,False,62.766217549618865,False,52.65600555221707,False,38.17963603497206,False,24.10743098594217,False
202604020408,20260802,14,0.007986521331208219,0.05000638714919476,0.36061205498590343,0.007986521331208219,0.0043251145600421105,0.0849795251476746,0.206909409520252,0.05000638714919476,False,69.37794712747541,False,62.2383093958503,False,50.5502665097616,False,39.821256475061574,False,24.03372383876928,False
202604020409,20260802,15,0.13324558953230534,0.12674365151567077,0.36753658578596843,0.13324558953230534,0.015474541619118065,0.0285470567516836,0.12379604050334121,0.12674365151567077,False,71.03159988547945,False,62.44207200080054,False,52.12519014708439,False,38.93742352262329,False,24.163508965459116,False
202604020410,20260802,14,0.06636645587167972,0.029987495807123333,0.29246489466724507,0.06636645587167972,0.04713900685158081,0.20594206730098846,0.09411810973116908,0.029987495807123333,False,70.15524276306681,False,63.01834170743589,False,47.17476659748191,False,38.62354672748508,False,23.999944531140084,False
202607020405,20260802,9,0.30036564288563794,0.16230485871712427,0.2483080152575889,0.30036564288563794,0.002783688334006315,0.1497844875465801,0.13494965880015755,0.16230485871712427,True,73.15331188550729,False,62.210104650340625,False,48.74052535283012,False,39.05562428892614,False,24.223815042701055,False
202607020406,20260802,9,0.16528079372691448,0.11646872435909165,0.32772322413960164,0.16528079372691448,0.29306216466095786,0.05791926430780686,0.03916590211290272,0.11646872435909165,False,71.44593502682051,False,67.35841550787553,False,51.305796204066404,False,38.04487276186127,False,24.14610340576816,False
202607020407,20260802,9,0.1719241044829994,0.2517584185063614,0.4019624316922622,0.1719241044829994,0.009680037063292771,0.017127663406245726,0.1913035908980262,0.2517584185063614,False,71.53141120021832,False,62.33622835184677,False,52.44347178991339,False,39.65477728168184,False,24.375966100796102,False
202607020408,20260802,11,0.03505465612274783,0.153929868602843,0.40658483347633534,0.03505465612274783,0.06693684064428125,0.08388579778443657,0.1116435947617199,0.153929868602843,False,69.73975166934464,False,63.3767833708473,False,50.580810865974755,False,38.80878553345957,False,24.209603196055802,False
202607020410,20260802,14,0.19288552774117101,0.40783527429489635,0.4620939146250165,0.19288552774117101,0.021214827358586177,0.013885218911513845,0.011664709838388142,0.40783527429489635,True,71.80009884785757,False,62.546808204416415,False,52.53381024928263,False,37.75653059329021,False,24.64298330108422,False
202607020411,20260802,6,0.42001580989033077,0.20665997497068175,0.4178203612566036,0.42001580989033077,0.030745318770651047,0.1783603569788145,0.1642185393895219,0.20665997497068175,True,74.61048816143979,False,62.72044018414539,False,47.943284003887705,False,39.36641042467655,False,24.299177557989324,False
202601010404,20260802,13,0.061618130885467276,0.39880579832287344,0.35337693784634583,0.061618130885467276,0.03708432908690118,0.08200847405457089,0.07902821900841266,0.39880579832287344,False,70.09244606196428,False,62.83574685356837,False,50.63323757422411,False,38.46431460142952,False,24.627482105342015,False
202601010406,20260802,10,0.2698966498334524,0.048844728542442956,0.3832695625886529,0.2698966498334524,0.02042486341742777,0.0048277721500738745,0.22508107516918904,0.048844728542442956,True,72.77389750177899,False,62.53240161274177,False,52.786072046866,False,40.015404387211554,False,24.031762801085602,False
202601010408,20260802,14,0.07635835446290279,0.07275562342318638,0.3490919186918481,0.07635835446290279,0.111752527649658,0.03645766785733853,0.21717312100711073,0.07275562342318638,False,70.28713799219308,False,64.18267639151031,False,51.90460261255077,False,39.93087607448964,False,24.072149688216154,False
202601010409,20260802,12,0.004369849210140035,0.05365852380629367,0.37789775899029604,0.004369849210140035,0.07889150444398799,0.042238748175533206,0.23430125222629047,0.05365852380629367,False,69.32942241623824,False,63.592511669725994,False,51.743349622691724,False,40.11403415923001,False,24.03988985462529,False
202601010410,20260802,10,0.08569404283532209,0.11171408003298638,0.30712649819857935,0.08569404283532209,0.3272316245921705,0.02876139226767293,0.0314586866446253,0.11171408003298638,False,70.41006649849587,False,67.9405209078752,False,52.11921445060136,False,37.96397872130968,False,24.13805200857212,False
202601010411,20260802,14,0.1182826907968545,0.10048898125445956,0.4657658413456501,0.1182826907968545,0.02896100149475222,0.0167487530234603,0.13752341239160332,0.10048898125445956,False,70.83685848512391,False,62.68795725979079,False,52.4540295320691,False,39.082918021106785,False,24.1190509667687,False
202601010412,20260802,14,0.019191792523442133,0.23872075889441582,0.267954349669339,0.019191792523442133,0.0186829132850095,0.15595279166466985,0.05969392463597354,0.23872075889441582,False,69.52801493041036,False,62.500625781273676,False,48.56836696354919,False,38.260655562192504,False,24.353750157361723,False
202604020506,20260808,10,0.07640501596886638,0.3192943697935194,0.4847214031211222,0.07640501596886638,0.022145011337138035,0.009948985193357988,0.1980337386681151,0.3192943697935194,False,70.28775314440043,False,62.56376914236448,False,52.64345618229146,False,39.72654377030819,False,24.49126586264312,False
202604020507,20260808,16,0.06130389163828757,0.06796710867207253,0.386193326370329,0.06130389163828757,0.18369201477473143,0.0007266873595887606,0.09298050762523746,0.06796710867207253,False,70.0882875693948,False,65.4595752159137,False,52.90024664729638,False,38.61153394615258,False,24.06405789863295,False
202604020508,20260808,9,0.014732276807878256,0.11077638062419029,0.40768033229155604,0.014732276807878256,0.1216023497326919,0.19048275744586918,0.2957335698783797,0.11077638062419029,False,69.46833986750259,False,64.35874895604418,False,47.60537244407995,False,40.773195864920474,False,24.136464347683866,False
202604020509,20260808,15,0.08354359121945559,0.05509015829526559,0.35985977180789214,0.08354359121945559,0.008083906214640824,0.041917369790097234,0.009358609873821248,0.05509015829526559,False,70.38177637902142,False,62.30705234619586,False,51.752314887493775,False,37.73239079521303,False,24.04230722262716,False
202604020510,20260808,13,0.06296399150931058,0.12159066576772862,0.3436654761439881,0.06296399150931058,0.08308087603839495,0.08198160686210755,0.004130199327595337,0.12159066576772862,False,70.11025279009432,False,63.66798251650886,False,50.63398786570515,False,37.67768337709321,False,24.154778822845483,False
202604020511,20260808,18,0.013086098073421048,0.03978428234858075,0.4334577509525631,0.013086098073421048,0.34260607274134824,0.01962266850450996,0.06667180777340335,0.03978428234858075,False,69.44629496194368,False,68.2006414802508,False,52.3739469845763,False,38.33411042692879,False,24.016471290187564,False
202607020505,20260808,8,0.16720610989268328,0.2901837807961048,0.4608436907424498,0.16720610989268328,0.13869159207115725,0.05190633615127652,0.21694290115920212,0.2901837807961048,True,71.47072296325014,False,64.66331022440924,False,51.47360992048341,False,39.928416144736964,False,24.44152209309167,False
202607020506,20260808,11,0.10364488697189414,0.535172763703026,0.45483155778616824,0.10364488697189414,0.02626481367964976,0.008550688151187428,0.0363333958258431,0.535172763703026,True,70.64560494047889,False,62.63885230783606,False,52.68240042625719,False,38.01513536175272,False,24.86228623114455,False
202607020507,20260808,8,0.27269186885263735,0.29363963141966115,0.43237182358122794,0.27269186885263735,0.04705882953944829,0.01998062120146624,0.06879397711689737,0.29363963141966115,True,72.8088443843494,False,63.01688713661845,False,52.36397165808281,False,38.35646068721201,False,24.447423825461087,False
202607020508,20260808,12,0.006315119573912811,0.2173917820233746,0.6332452026299181,0.006315119573912811,0.04741932353455179,0.12093544873622478,0.13120624745482845,0.2173917820233746,False,69.35552734222547,False,63.02342700599455,False,49.546037131333065,False,39.01593898556529,False,24.317435566276664,False
202607020509,20260808,10,0.027476314857146585,0.11805004480518652,0.6521657037719898,0.027476314857146585,0.032988769948424194,0.04629305178454104,0.03748123470146159,0.11805004480518652,False,69.6387002057639,False,62.76126520495781,False,51.63024014387986,False,38.02718500045482,False,24.14878158037678,False
202607020511,20260808,12,0.32423306649125,0.013042102443420515,0.28619937826273684,0.32423306649125,0.002117417724220272,0.07051230402383328,0.041040956593807354,0.013042102443420515,True,73.44817184297428,False,62.19791078855194,False,50.95424841581566,False,38.064563179008914,False,23.971376753407327,False
202601010504,20260808,14,0.008638963502039042,0.1846485563231852,0.5205192632662748,0.008638963502039042,0.0006872997617944019,0.128557776193257,0.0741666926314168,0.1846485563231852,False,69.38669634452175,False,62.17173203938064,False,49.333169384355784,False,38.413067026040096,False,24.261758695923568,False
202601010507,20260808,12,0.04935844569942668,0.2613610241484679,0.5880855002214578,0.04935844569942668,0.018092063584584973,0.1105171260272985,0.0037575556151411386,0.2613610241484679,False,69.92996184659978,False,62.489845331874974,False,49.83701336973612,False,37.673785420622366,False,24.392337552682918,False
202601010509,20260808,13,0.07652268631097517,0.1820560647574862,0.3894857457261005,0.07652268631097517,0.0666976539753001,0.09316957000224454,0.02392400439716071,0.1820560647574862,False,70.28930439410391,False,63.37246160769833,False,50.32153289691437,False,37.88496016927418,False,24.25735410393721,False
202601010510,20260808,8,0.05587618494777204,0.12899356742353996,0.45789369049704154,0.05587618494777204,0.015400185416630572,0.08193593906359008,0.1867012616821106,0.12899356742353996,False,70.01640761781707,False,62.440714544816636,False,50.6352631810409,False,39.6057262523102,False,24.167321427196928,False
202601010511,20260808,11,0.03538184311159595,0.07921459502565688,0.43871287974792667,0.03538184311159595,0.05289184864545755,0.044963800031192915,0.5236466012150692,0.07921459502565688,False,69.74411017171701,False,63.122647502223394,False,51.66732633155227,False,43.2460457780965,False,24.08306721410144,False
202601010512,20260808,13,0.15274116811032024,0.015228961192133548,0.4858403227380582,0.15274116811032024,0.026228352807597853,0.09980900814553843,0.10266572362814534,0.015228961192133548,True,71.28417480387876,False,62.63818807688766,False,50.13609469297256,False,38.713851514899,False,23.975062210222394,False
202604020605,20260809,15,0.07387143809107297,0.20116745203110653,0.5968216673924198,0.07387143809107297,0.02098476496071308,0.09705552681531072,0.018760598604164944,0.20116745203110653,False,70.25434161588436,False,62.5426127801767,False,50.21299963234128,False,37.83084700205482,False,24.28983673821003,False
202604020606,20260809,13,0.08474046225060715,0.06272222132682867,0.4653967059178816,0.08474046225060715,0.2096974734945499,0.07518873902853351,0.03842127522297909,0.06272222132682867,True,70.39752366734353,False,65.91584324936119,False,50.82367498088344,False,38.03705433875359,False,24.05519704799595,False
202604020607,20260809,12,0.11166424115015489,0.021772622917027962,0.32206161338434747,0.11166424115015489,0.059220341034518904,0.14416481175210455,0.07907707002105266,0.021772622917027962,True,70.750474435389,False,63.23724896310547,False,48.897397558211125,False,38.46482969246595,False,23.986092391981074,False
202604020608,20260809,17,0.06646604565348456,0.12635631105891929,0.40513827583531764,0.06646604565348456,0.0279053356206737,0.041550808303179476,0.10294809425452212,0.12635631105891929,False,70.15655902870883,False,62.66873380751412,False,51.76254045546974,False,38.71683606368569,False,24.162852661979763,False
202604020609,20260809,15,0.019444614548108266,0.15084640878814512,0.37925724286128454,0.019444614548108266,0.022145496072759948,0.24731594183264757,0.030311378649807832,0.15084640878814512,False,69.53139610838375,False,62.56377798021057,False,46.02457327139394,False,37.9519424146549,False,24.20437218253896,False
202604020610,20260809,7,0.1290367091789941,0.3255592581085416,0.19351161608548156,0.1290367091789941,0.26790016880117895,0.2376483042471035,0.029435541800278936,0.3255592581085416,True,70.9768993898072,False,66.92629998043532,False,46.29300013541264,False,37.942755085344984,False,24.50198015657187,False
202607020605,20260809,16,0.009505648461390528,0.18968023531607112,0.4641860999306369,0.009505648461390528,0.19306905485885795,0.02466678905521192,0.10684335455259787,0.18968023531607112,False,69.39831638611551,False,65.62442993670517,False,52.23336172894646,False,38.75801610179462,False,24.270308970401846,False
202607020606,20260809,7,0.000846677536927479,0.0603045644347617,0.37657302243307766,0.000846677536927479,0.7416336111450237,0.023108631198589847,0.0011447742494598376,0.0603045644347617,False,69.28211099573164,False,74.52862140578475,False,52.27679320433012,False,37.64645948635529,False,24.051113345562854,False
202607020607,20260809,18,0.028051780171944485,0.29700963945168674,0.37520904918346887,0.028051780171944485,0.027949392337699965,0.016971380163376727,0.008011327416466131,0.29700963945168674,False,69.64638027733795,False,62.66953615109394,False,52.44782640331185,False,37.718290523783814,False,24.45317988829981,False
202607020608,20260809,11,6.342339460621494e-05,0.2032700449796047,0.5146849653183339,6.342339460621494e-05,0.04655242892766164,0.10008355842516656,0.06543421156378208,0.2032700449796047,False,69.27158743621062,False,63.00769950851676,False,50.12842644184884,False,38.32107858781163,False,24.293412209727304,False
202607020610,20260809,16,0.01975604011209931,0.0667774516264949,0.3761239640897944,0.01975604011209931,0.008421292276672869,0.009506293921661992,0.1535394028343268,0.0667774516264949,False,69.53556074556818,False,62.31322024019281,False,52.65578601355803,False,39.25291481389564,False,24.062047865237645,False
202607020611,20260809,17,0.07609134311625666,0.2578037094242979,0.44783814083327167,0.07609134311625666,0.00924896738098074,0.0869411980138682,0.11142954642065125,0.2578037094242979,True,70.28361776253512,False,62.328349620713816,False,50.49548215876711,False,38.80652114648665,False,24.386271829696856,False
202601010603,20260809,10,0.02473148223778645,0.0683997440615306,0.35987210081659365,0.02473148223778645,0.17245169191921297,0.17056550377028132,0.016292033323495932,0.0683997440615306,False,69.60205301697782,False,65.26147213293306,False,48.16066671603396,False,37.80498680887607,False,24.064788903772335,False
202601010608,20260809,14,0.0013626155731112533,0.03847484790407935,0.2558236221989294,0.0013626155731112533,0.20919560638782408,0.17586277630769911,0.038988581192428984,0.03847484790407935,False,69.28904188297429,False,65.90706547133082,False,48.012928400659106,False,38.04301087384856,False,24.014261879823408,False
202601010609,20260809,16,0.028384832699153068,0.06989221476693491,0.3648834658952835,0.028384832699153068,0.12374683938364923,0.10884926582313752,0.15475116127566996,0.06989221476693491,False,69.65082464437046,False,64.39703202944075,False,49.88359703979779,False,39.26578731346705,False,24.067310782818954,False
202601010610,20260809,14,0.04981357604933594,0.21277992089585396,0.46718159426039424,0.04981357604933594,0.01592278862066746,0.21880247113928514,0.003666568553594346,0.21277992089585396,False,69.93600292236553,False,62.45025483895873,False,46.816868380157025,False,37.672833694978785,False,24.309588272705305,False
202601010611,20260809,16,0.010340934211730086,0.07054391083805156,0.4264831155379878,0.010340934211730086,0.015080513411998913,0.12287343630043061,0.011313049982004083,0.07054391083805156,False,69.4095131103982,False,62.434878350682474,False,49.49191333860415,False,37.75284909479412,False,24.068412032688247,False
202601010612,20260809,8,0.07623147403528449,0.29762113012309854,0.5176715598773519,0.07623147403528449,0.036670966440528315,0.024696976895493796,0.08802076047569245,0.29762113012309854,True,70.28546525343052,False,62.8282322192647,False,52.23252025147445,False,38.55917652786599,False,24.454224428777376,False
202604020705,20260815,18,0.06362759487747584,0.20220343219781328,0.4062722431517768,0.06362759487747584,0.02743166368897944,0.0026902790319809555,0.02963162568735505,0.20220343219781328,False,70.11903051267251,False,62.66010704047342,False,52.845583776368535,False,37.944811885639304,False,24.291598383831563,False
202604020706,20260815,14,0.03392867415419542,0.31343103442126485,0.6231294000637808,0.03392867415419542,0.07893726427935956,0.04684601157854073,0.061814030308379356,0.31343103442126485,False,69.72474959457466,False,63.5933363878608,False,51.61481200787742,False,38.28296786225103,False,24.4812411779025,False
202604020707,20260815,15,0.1260008489810932,0.11003528709821991,0.4479754936851307,0.1260008489810932,0.06705568352624273,0.020764569350009216,0.1347438718057025,0.11003528709821991,True,70.93740611258322,False,63.37893061276082,False,52.34212415070502,False,39.05344228727591,False,24.13520961940144,False
202604020708,20260815,15,0.07115697393496562,0.06869150199954267,0.40687199943204944,0.07115697393496562,0.0025168059493976464,0.09069448591488247,0.018160022622420044,0.06869150199954267,False,70.21852062478466,False,62.205220443558005,False,50.390659519158106,False,37.824554851227,False,24.065281882993066,False
202604020709,20260815,11,0.0700270334816364,0.02376765119325947,0.3016902473537654,0.0700270334816364,0.16535189834445865,0.251844899599084,0.07649456850878923,0.02376765119325947,False,70.20360222631814,False,65.13606973057247,False,45.898902778734175,False,38.43760302926522,False,23.989455959035162,False
202607020706,20260815,11,0.006533382859974758,0.5691539762781429,0.4670941770206181,0.006533382859974758,0.06261484955497892,0.01635569210413307,0.032161847668481916,0.5691539762781429,False,69.35845559405,False,63.298657992825504,False,52.464981324870784,False,37.971356253429,False,24.921029532171968,False
202607020707,20260815,8,0.06699453542960838,0.03468639535833551,0.4229408121818896,0.06699453542960838,0.20710858980576607,0.3650688437860284,0.04756907797795141,0.03468639535833551,False,70.16354345348348,False,65.87055134537808,False,42.77813555626749,False,38.13314721359634,False,24.00787040211717,False
202607020708,20260815,10,0.2091328209262735,0.05545147468977945,0.4325533316599047,0.2091328209262735,0.1757748395613852,0.05022306472195977,0.025626855819679953,0.05545147468977945,True,72.00729705456305,False,65.32009576793544,False,51.52058224671554,False,37.90281289546593,False,24.042917345033622,False
202607020709,20260815,16,0.0962258697755166,0.19755279768933537,0.5032919968505795,0.0962258697755166,0.0017715316239332987,0.08771674348285319,0.01186127393473213,0.19755279768933537,True,70.5483906586112,False,62.19157988835071,False,50.473822883130424,False,37.758588468396276,False,24.283690832918246,False
202607020710,20260815,16,0.07643890640408887,0.049734028452007965,0.40390590446369945,0.07643890640408887,0.010219160647665619,0.15146020344931854,0.08996417557584606,0.049734028452007965,True,70.28819992725789,False,62.34608108378161,False,48.69375271660584,False,38.57968898249074,False,24.033264050437232,False
202607020711,20260815,15,0.00875767613039999,0.2734204969318759,0.39331413154493905,0.00875767613039999,0.19608855721613422,0.00912857012957727,0.026579071137864747,0.2734204969318759,False,69.38828812474854,False,65.67743503638155,False,52.66630611543779,False,37.91279736748088,False,24.412908257462202,False
202601010707,20260815,15,0.027084159197118395,0.2769522153626847,0.5380543942110345,0.027084159197118395,0.06438017044679958,0.22243864153365556,0.06380745679704175,0.2769522153626847,False,69.63346592877393,False,63.33057683845305,False,46.715733443229226,False,38.303951477299684,False,24.418934785013807,False
202601010708,20260815,11,0.13496795863863992,0.13788245559205625,0.33733430659726493,0.13496795863863992,0.02156442870158338,0.00529055283329619,0.008546670906032335,0.13788245559205625,True,71.05396695453487,False,62.55318318320645,False,52.773186335001945,False,37.72389302630666,False,24.18238757369432,False
202601010709,20260815,8,0.03802808547174796,0.08519004413930928,0.6645800078932379,0.03802808547174796,0.1631633566451608,0.0770078232210716,0.1989218025800711,0.08519004413930928,False,69.77934805841932,False,65.09737149928836,False,50.772880149438016,False,39.73601689028045,False,24.093170457589196,False
202601010710,20260815,16,0.013118663650396113,0.14998031066608794,0.4568097665350331,0.013118663650396113,0.02800272866622672,0.27022565587607456,0.24220411618645085,0.14998031066608794,False,69.44673115232877,False,62.67050748197377,False,45.38942132943391,False,40.19863621659669,False,24.202903006842835,False
202601010711,20260815,14,0.03839951140083922,0.1270941980955864,0.3470502627379082,0.03839951140083922,0.003119528277517037,0.14563808703525608,0.16846033225967985,0.1270941980955864,False,69.78429217721992,False,62.21625049530471,False,48.856269126109545,False,39.4115232460291,False,24.164102936451982,False
202601010712,20260815,14,0.01904690312063694,0.30047428945154564,0.37633056256458125,0.01904690312063694,0.07186369147543666,0.16302810036580204,0.025588556565603028,0.30047428945154564,False,69.5260771210873,False,63.46575659029852,False,48.37093599749687,False,37.902411329331656,False,24.459098557597862,False
202604020805,20260816,12,0.01139595020469653,0.014463162260595477,0.3480381959819582,0.01139595020469653,0.04168531040875537,0.09850541941643197,0.1387846295085217,0.014463162260595477,False,69.42365196942045,False,62.919347393746364,False,50.17250412615818,False,39.09629527126089,False,23.973771584839064,False
202604020806,20260816,13,0.01769468941691213,0.23192730703756312,0.5414218985142085,0.01769468941691213,0.05879814490263699,0.027978833894612826,0.012011066175209622,0.23192730703756312,False,69.50798873276645,False,63.22960813185047,False,52.1410319646485,False,37.76015670771782,False,24.342179676411007,False
202604020807,20260816,15,0.11336382350065902,0.3047891114804938,0.3426576580999624,0.11336382350065902,0.014088856568845336,0.08041872582019763,0.057971232027447715,0.3047891114804938,True,70.77267171556625,False,62.41677155304686,False,50.67763227818426,False,38.24252933758873,False,24.466470931994053,False
202604020808,20260816,13,0.03898016229799448,0.36849728083853744,0.46266619585538127,0.03898016229799448,0.025727186314228174,0.07453013176995948,0.001878442476400578,0.36849728083853744,False,69.79202040900466,False,62.629057524586685,False,50.84206505434857,False,37.654131807812156,False,24.57549850208806,False
202604020811,20260816,9,0.137012501565099,0.36936078620496415,0.2965264106192637,0.137012501565099,0.09648165086324456,0.29877547078991235,0.025397875562648317,0.36936078620496415,True,71.08050455472373,False,63.90894215182069,False,44.60002115403668,False,37.9004120713788,False,24.576978517626134,False
202607020806,20260816,7,0.0036052675312109477,0.05047117095766796,0.32844504594852136,0.0036052675312109477,0.008094163922943624,0.1262376014371384,0.05737933998878633,0.05047117095766796,False,69.31915857279675,False,62.307239877477606,False,49.39796239863384,False,38.23630218607397,False,24.034508487677215,False
202607020807,20260816,16,0.051431342794182947,0.019869836951262765,0.44211150893405965,0.051431342794182947,0.0037839506952496572,0.17816812833423595,0.08912322561911462,0.019869836951262765,False,69.95747040246911,False,62.22840821740825,False,47.94864396987624,False,38.57081238367728,False,23.982884643884898,False
202607020808,20260816,16,0.03887444573317212,0.05879076168625273,0.257655812559713,0.03887444573317212,0.05664098705989481,0.028033549402460944,0.012465709383050846,0.05879076168625273,False,69.79061344718006,False,63.19055790523159,False,52.13950653767137,False,37.76491671965213,False,24.048556598621857,False
202607020810,20260816,16,0.06674195953181264,0.07373988159814375,0.4595677245762827,0.06674195953181264,0.022801934415430474,0.05720290463114506,0.002894537605273331,0.07373988159814375,False,70.16020557355766,False,62.57574559293081,False,51.325790574697464,False,37.66475862572183,False,24.07381315024297,False
202607020811,20260816,16,0.009904176358203233,0.020164047523086086,0.38133363864693093,0.009904176358203233,0.1023170704133865,0.1686714971934622,0.029005219023907004,0.020164047523086086,False,69.40365880419874,False,64.01365133411338,False,48.213497564970794,False,37.93824141394911,False,23.98338060974771,False
202601010803,20260816,14,0.04079448203612268,0.16980554906084652,0.41198234346437007,0.04079448203612268,0.13717716002563302,0.16635117093278307,0.08283516037666014,0.16980554906084652,False,69.81616105452545,False,64.63636789665988,False,48.2782254789928,False,38.504463199643105,False,24.23654807313466,False
202601010806,20260816,12,0.07215929115891777,0.1502163318473162,0.28267020206316334,0.07215929115891777,0.23369610220469986,0.20721653036948348,0.017109544251277593,0.1502163318473162,True,70.23175043616267,False,66.3343026350365,False,47.139285392231706,False,37.81355012144333,False,24.203303367221174,False
202601010808,20260816,11,0.12439341309443906,0.08048466852266568,0.48437534703942686,0.12439341309443906,0.023359606138580423,0.13431022774102044,0.024235765747596283,0.08048466852266568,True,70.91648225950588,False,62.58591137030536,False,49.1725370071279,False,37.888228435867155,False,24.08521440252008,False
202601010809,20260816,16,0.1720824978427124,0.025138840425786797,0.35405382863614937,0.1720824978427124,0.0768652278866574,0.07342962167106988,0.04061195519632137,0.025138840425786797,True,71.53344728772153,False,63.55598459050415,False,50.87279372418979,False,38.06005778117535,False,23.991767936461788,False
202601010810,20260816,12,0.03682502155990613,0.0981183614797406,0.4841238200822191,0.03682502155990613,0.10758414057269676,0.025067248988213952,0.12910548445518494,0.0981183614797406,False,69.76333070561319,False,64.10804783849677,False,52.22219891913147,False,38.99367437600752,False,24.11503945688648,False
202601010811,20260816,16,0.02750460159891491,0.18366071512002874,0.3507502238537741,0.02750460159891491,0.17971155306456707,0.24169607400397242,0.024831252948778623,0.18366071512002874,False,69.63907774188063,False,65.38948320111449,False,46.180584699165074,False,37.894471371967064,False,24.2600803091238,False
202601010812,20260816,14,0.028217380341015216,0.42198731710408616,0.6367866617682698,0.028217380341015216,0.02156172672040521,0.027674571063576018,0.09101086327447021,0.42198731710408616,False,69.64859014862873,False,62.5531339142627,False,52.14951450934529,False,38.590738295167455,False,24.667291781657333,False
202604030106,20260822,18,0.01366543622930509,0.16852929961917487,0.4138721763976472,0.01366543622930509,0.024564729359254942,0.09089030853664935,0.014051849742556062,0.16852929961917487,False,69.45405422168754,False,62.60787572236964,False,50.385190440195395,False,37.78152509848311,False,24.23438121482953,False
202604030107,20260822,18,0.009684221555930511,0.017202567085651172,0.3867193691362688,0.009684221555930511,0.06555093760135465,0.053251197436978454,0.06629402967549608,0.017202567085651172,False,69.40071029087366,False,63.35173908445473,False,51.436079182389435,False,38.33013226066707,False,23.97838861049914,False
202604030108,20260822,15,0.013140832298971105,0.0235664797290924,0.2982119174121461,0.013140832298971105,0.06201573142892799,0.13964966940732215,0.09379807432181053,0.0235664797290924,False,69.4470280820099,False,63.28782265810463,False,49.02345280065583,False,38.62016709699991,False,23.98911677441703,False
202604030109,20260822,15,0.018900810275634453,0.11321220782911318,0.39104066531798704,0.018900810275634453,0.00939858626674266,0.11317856933538933,0.16263427544060413,0.11321220782911318,False,69.52412314636209,False,62.33108430346056,False,49.76267934353377,False,39.3495659171888,False,24.140588703629405,False
202604030110,20260822,15,0.0036224511388291774,0.23331327004932456,0.45344270272801435,0.0036224511388291774,0.0772387093398993,0.15536316262163496,0.094659246309869,0.23331327004932456,False,69.3193892688,False,63.56271840410026,False,48.58482220389991,False,38.62926147478581,False,24.344539920085197,False
202607030103,20260822,8,0.1337565820347449,0.34795507882302007,0.3832368404749453,0.1337565820347449,0.11263398241946657,0.02762850805917502,0.2944721654764763,0.34795507882302007,True,71.03823681574015,False,64.19844869785462,False,52.150798689239465,False,40.75962682383176,False,24.54030766451908,False
202607030106,20260822,14,0.09341541685925685,0.05660354651709335,0.3194666538767633,0.09341541685925685,0.06126155670284593,0.05881839123543561,0.013227174489906807,0.05660354651709335,True,70.51151525526852,False,63.27418114211968,False,51.28070001180248,False,37.772889616135025,False,24.044862815480634,False
202607030107,20260822,16,0.01118465563765982,0.04937206604945015,0.5016655681908997,0.01118465563765982,0.07216328395705607,0.06038395166894439,0.016482924034949713,0.04937206604945015,False,69.42082058567244,False,63.47116392616997,False,51.23700097075756,False,37.80698629431762,False,24.03265300494325,False
202607030108,20260822,10,0.007138074134291573,0.1611990681346343,0.3502233577971653,0.007138074134291573,0.050539071978597375,0.22804060097596707,0.002460324508514846,0.1611990681346343,False,69.3665674037916,False,63.08000365177815,False,46.559975962300605,False,37.66021726833893,False,24.221938258441483,False
202607030109,20260822,6,0.6058554512510809,0.21766296838624646,0.7752278082654899,0.6058554512510809,0.09369889042920197,0.04793019051476706,0.03485249941870365,0.21766296838624646,True,76.76800381307262,False,63.85896238116076,False,51.58456143126422,False,37.99959157543908,False,24.317897055846327,False
202607030110,20260822,12,0.050553187401453904,0.44301491454220676,0.6242007612921778,0.050553187401453904,0.11656985188148096,0.004773135196639011,0.061033420566268676,0.44301491454220676,False,69.94581852010465,False,64.26883762356597,False,52.78759333922183,False,38.274752037044514,False,24.70343993916958,False
202601020107,20260822,12,0.05476134528525724,0.07554311739305808,0.6511354918801063,0.05476134528525724,0.013655673616913735,0.2553378205520816,0.1728930850042531,0.07554311739305808,False,70.00163140460371,False,62.40886091673209,False,45.80201599210584,False,39.45868627918224,False,24.076860942779042,False
202601020108,20260822,10,0.07736010544963666,0.3879006737707164,0.31206710842491575,0.07736010544963666,0.05513836968921794,0.08511917249012103,0.024365532217429355,0.3879006737707164,False,70.30034275133194,False,63.163346354662394,False,50.54636656981353,False,37.88958884029748,False,24.608769676320243,False
202601020109,20260822,14,0.25302948732861724,0.0376972270285905,0.5031589984661162,0.25302948732861724,0.16461045176601796,0.0035362755136367817,0.27030406950279756,0.0376972270285905,True,72.56242227935559,False,65.12296155691327,False,52.82203064007184,False,40.49992279904471,False,24.01294986494952,False
202601020110,20260822,14,0.024370750845420654,0.10521429869477293,0.5559111864974515,0.024370750845420654,0.08137290903832432,0.030643757834711474,0.04429090220574053,0.10521429869477293,False,69.59723491807935,False,63.637221871390246,False,52.06673131651021,False,38.09870097001286,False,24.12704840138105,False
202601020111,20260822,14,0.02369558640599266,0.108190043154649,0.42922320663292457,0.02369558640599266,0.17450867620975874,0.024263711351117195,0.18680003396635336,0.108190043154649,False,69.58821594722765,False,65.2977648545947,False,52.244597283788394,False,39.60677873538208,False,24.132085672863237,False
202601020112,20260822,11,0.08399671627394849,0.25543608692187564,0.4474921122580485,0.08399671627394849,0.31532785545627234,0.010144695830775463,0.10841299273526349,0.25543608692187564,True,70.38773873732832,False,67.73835133077667,False,52.63800514942323,False,38.774614598564185,False,24.38223526608569,False
202604030206,20260823,15,0.029520631145142417,0.0944533854423236,0.4627875347507431,0.029520631145142417,0.065467211711429,0.062433445543151014,0.044439509394928786,0.0944533854423236,False,69.66597836615878,False,63.35022586484694,False,51.179791186131695,False,38.100262238031256,False,24.108838562082,False
202604030207,20260823,10,0.056045763051813975,0.42072954605548873,0.6035520624469073,0.056045763051813975,0.03311145206087454,0.009314434059753735,0.1384855702003216,0.42072954605548873,False,70.01865486085624,False,62.76349717857129,False,52.661129591297254,False,39.09312311462877,False,24.66513069847568,False
202604030208,20260823,12,0.0028400686871807024,0.21741874449948068,0.4691789565287785,0.0028400686871807024,0.02461431162239344,0.0657097254363993,0.02416091494639812,0.21741874449948068,False,69.30888452788274,False,62.608779288276715,False,51.088330411257346,False,37.88744374751484,False,24.31748144922298,False
202604030209,20260823,15,0.02118711606784285,0.21974536450578874,0.2950415906720789,0.02118711606784285,0.07664623538912459,0.06896058119407117,0.024041678054803752,0.21974536450578874,False,69.55469415006397,False,63.55203594231682,False,50.997572173515934,False,37.88619375661787,False,24.321440957499714,False
202604030210,20260823,12,0.20479753578618268,0.016379225945746024,0.40670192381038506,0.20479753578618268,0.09590146522752642,0.05820962890195391,0.03554850105494327,0.016379225945746024,True,71.9521011994006,False,63.89852420863448,False,51.29769169591528,False,38.006896642156725,False,23.977000877513298,False
202604030211,20260823,17,0.03149334877813551,0.08084452043104152,0.3086904321538571,0.03149334877813551,0.015086587515791826,0.02519424107956281,0.1430527471245512,0.08084452043104152,False,69.69228803265578,False,62.43498924786677,False,52.21865897160747,False,39.14157771979067,False,24.08582279253116,False
202607030205,20260823,11,0.01374102159387222,0.12754446874728767,0.40504623777506,0.01374102159387222,0.15351534168606729,0.03710352443083932,0.1369538464937736,0.12754446874728767,False,69.45506647904972,False,64.92653654946498,False,51.88658949474907,False,39.076877390051266,False,24.164865895892827,False
202607030206,20260823,14,0.09841166400196226,0.3335332408955468,0.47742982422769287,0.09841166400196226,0.07091030345545712,0.06769200083409758,0.12403147465738092,0.3335332408955468,True,70.57705145913499,False,63.44854665842992,False,51.03298954584552,False,38.93991720497132,False,24.515621944941163,False
202607030207,20260823,16,0.018529321365866793,0.2702492609743702,0.5174145239430049,0.018529321365866793,0.062035054571902115,0.19808801509632007,0.0195755160688429,0.2702492609743702,False,69.51915420867054,False,63.288172147250975,False,47.39348600758341,False,37.8393854338465,False,24.407497715630367,False
202607030208,20260823,16,0.045994980764462956,0.2112847393747274,0.5929227191844372,0.045994980764462956,0.17629563805431792,0.07585580661917847,0.09584013498821808,0.2112847393747274,False,69.88529617079506,False,65.32927896573445,False,50.80504844514843,False,38.641733499810094,False,24.30704452169004,False
202607030211,20260823,17,0.08717633116702748,0.1676449889364328,0.4249406533599868,0.08717633116702748,0.022119584904449548,0.11733373436038967,0.008615327742343635,0.1676449889364328,True,70.42955751791365,False,62.56330555879902,False,49.64662793807748,False,37.724611560880014,False,24.23287988032908,False
202601020206,20260823,14,0.016439731892652364,0.024265869361460097,0.41171616759689655,0.016439731892652364,0.04227521771210525,0.21799511296400798,0.10145463835856171,0.024265869361460097,False,69.49119593705284,False,62.930060516366396,False,46.839327483914936,False,38.70105177135569,False,23.990295992597293,False
202601020207,20260823,11,0.04345278056353356,0.0374644342275914,0.3214724245887975,0.04345278056353356,0.014452708326253918,0.11092792347486781,0.28832444505883376,0.0374644342275914,False,69.85151157253031,False,62.42341557536161,False,49.8255397549328,False,40.69351544371396,False,24.012557102600017,False
202601020208,20260823,11,0.0042068674982284416,0.3707579618733268,0.6405375765037136,0.0042068674982284416,0.03006228571948418,0.2500265898663313,0.023857669413192464,0.3707579618733268,False,69.32723468920494,False,62.70800714064049,False,45.949351451112285,False,37.884264778430726,False,24.57937335114035,False
202601020209,20260823,13,0.03578869476442017,0.01670964613659863,0.3595879439565534,0.03578869476442017,0.1986597462948471,0.010735358723601401,0.053179954061476464,0.01670964613659863,False,69.74952940208826,False,65.72253955278528,False,52.62155332338301,False,38.19213257608291,False,23.97755779072628,False
202601020210,20260823,14,0.1121470524214679,0.08203839250091488,0.3715650937442983,0.1121470524214679,0.06677964866137324,0.053238123844027645,0.06548388059487617,0.08203839250091488,True,70.75678116481747,False,63.37394315938152,False,51.43644403203946,False,38.321601568432534,False,24.08784130866626,False
202601020211,20260823,16,0.12128005984236895,0.02388100846522244,0.3816614626044428,0.12128005984236895,0.0355782831182761,0.0331504121181089,0.1228142523861231,0.02388100846522244,True,70.87593074957952,False,62.80836503904328,False,51.996835027133734,False,38.927025197810394,False,23.989647086211253,False
202601020212,20260823,14,0.027918729287922783,0.25183260293133264,0.5103245249810697,0.027918729287922783,0.15600020963838207,0.048896247172609764,0.042451917054152286,0.25183260293133264,False,69.64460469811617,False,64.9705722785912,False,51.55760570338222,False,38.07938261781167,False,24.376092549041743,False
